drug,gene,mutation,variant,tier,effect,genomic position,algorithm_pass,Present_SOLO_SR,Present_SOLO_R,Present_SOLO_S,Present_R,Present_S,Absent_R,Absent_S,Sens,Sens_lb,Sens_ub,Spec,Spec_lb,Spec_ub,PPV,PPV_lb,PPV_ub,PPV_SOLO,PPV_SOLO_lb,PPV_SOLO_ub,PPV_conditional_SOLO,PPV_conditional_SOLO_lb,PPV_conditional_SOLO_ub,OR_SOLO,OR_SOLO_exact_lb,OR_SOLO_exact_ub,OR_SOLO_pvalue,OR_SOLO_pval_rank,k,OR_SOLO_FE_sig,Neutral_masked,OR,OR_exact_lb,OR_exact_ub,Sens_SOLO,Sens_SOLO_lb,Sens_SOLO_ub,Spec_SOLO,Spec_SOLO_lb,Spec_SOLO_ub,Initial confidence grading ALL dataset,INITIAL CONFIDENCE GRADING,DATASET(S),Initial confidence grading WHO dataset,algorithm_pass.1,Present_SOLO_SR.1,Present_SOLO_R.1,Present_SOLO_S.1,Present_R.1,Present_S.1,Absent_R.1,Absent_S.1,Sens.1,Sens_lb.1,Sens_ub.1,Spec.1,Spec_lb.1,Spec_ub.1,PPV.1,PPV_lb.1,PPV_ub.1,PPV_SOLO.1,PPV_SOLO_lb.1,PPV_SOLO_ub.1,PPV_conditional_SOLO.1,PPV_conditional_SOLO_lb.1,PPV_conditional_SOLO_ub.1,OR_SOLO.1,OR_SOLO_exact_lb.1,OR_SOLO_exact_ub.1,OR_SOLO_pvalue.1,OR_SOLO_pval_rank.1,k.1,OR_SOLO_FE_sig.1,Neutral_masked.1,setA,setB,setC,setD1,setD2,v1,literature,OR.1,OR_exact_lb.1,OR_exact_ub.1,Sens_SOLO.1,Sens_SOLO_lb.1,Sens_SOLO_ub.1,Spec_SOLO.1,Spec_SOLO_lb.1,Spec_SOLO_ub.1,Present_NoPheno,"(WHO guidance before cat ver1) Miotto et al. (PMID 29284687), WHO NGS Guide 2018",(WHO guidance before cat ver1) RIF CC guide 2021,(Previous WHO guidance) WHO Catalogue ver1,Selection evidence,(WHO guidance before cat ver1) WHO_endorsed_assay,Additional grading criteria applied,FINAL CONFIDENCE GRADING,Comment,CHANGES vs ver1,"Relaxed thresholds simulation (BDQ_Rv0678, CFZ_Rv0678, INH_katG, DLM_ddn/fbiA/fbiB/fbiC/fgd1/Rv2983)",Silent mutation,Listed in abridged tables,Additional grading,Footnote,CHANGES vs ver1.1
Ethambutol,embB,p.Asp328Tyr,embB_p.Asp328Tyr,1,missense_variant,"(see ""Genomic_coordinates"" sheet)",1.0,25.0,21.0,4.0,46.0,5.0,9435.0,35700.0,0.00485180888091973,0.00355425838847881,0.00646638841531092,0.999859963590533,0.999673232250017,0.999954529045718,0.901960784313725,0.785855017454319,0.967393510448109,0.84,0.639171545540727,0.95462054762829,0.807692307692307,0.606494472060678,0.934451891263217,19.8648648648648,6.69970150642629,79.5589889289293,2.80679301315093e-11,10.0,4975.0,1.0,0.0,34.8108108108108,13.882407078839,111.878742611794,0.00222081218274111,0.00137522704471704,0.003392754460819,0.999859963590533,0.999673232250017,0.999954529045718,1) Assoc w R,1) Assoc w R,ALL+WHO,1) Assoc w R,1.0,13.0,11.0,2.0,29.0,2.0,6531.0,26503.0,0.00442073170731707,0.00296257223192387,0.00634278475638182,0.999924542539143,0.999727448570663,0.999990861620785,0.935483870967742,0.785783842836597,0.992089016538145,0.846153846153846,0.545528944323442,0.980793328017471,0.846153846153846,0.545528944323442,0.980793328017471,22.3191701117746,4.86873386257914,206.63816062788,9.50625501943079e-07,15.0,4087.0,1.0,0.0,0.0,0.0,0.0,0.0,0.0,0.0,0.0,58.8414484764967,14.8715663489947,508.315002825687,0.001681442983797,0.000839659725791671,0.00300656970004808,0.999924542539143,0.999727448570663,0.999990861620785,9.0,,,Assoc w R,,,,1) Assoc w R,,No change,,,yes,,,1
Ethambutol,embB,p.Asp354Ala,embB_p.Asp354Ala,1,missense_variant,"(see ""Genomic_coordinates"" sheet)",1.0,268.0,172.0,96.0,301.0,137.0,9180.0,35568.0,0.0317477059381921,0.0283102862168181,0.0354765931847393,0.996163002380619,0.995465627661623,0.996777639935944,0.687214611872146,0.641495463927263,0.730382985302718,0.641791044776119,0.581199958446188,0.699207279374339,0.556634304207119,0.499307624020295,0.612864769381245,6.94183006535947,5.37045381218224,9.01479777107758,1.63764125548554e-53,5.0,4975.0,1.0,0.0,8.51260913124373,6.92147521538815,10.5090725022827,0.0183917878528656,0.0157659488823292,0.0213233584627368,0.996163002380619,0.995465627661623,0.996777639935944,1) Assoc w R,1) Assoc w R,ALL+WHO,1) Assoc w R,1.0,219.0,158.0,61.0,261.0,86.0,6299.0,26419.0,0.0397865853658536,0.0351861236877354,0.0448016570426599,0.996755329183173,0.99599438641369,0.997403887658634,0.752161383285302,0.703252826389316,0.796708021339527,0.721461187214611,0.657069111322689,0.779748663685125,0.647540983606557,0.58403691172678,0.707411012981778,10.8635562761718,8.02430554187418,14.8701325052087,8.68459316042937e-64,4.0,4087.0,1.0,0.0,0.0,0.0,0.0,0.0,0.0,0.0,0.0,12.7287812388086,9.91976764547838,16.4610739956911,0.0244695679107944,0.0208396554754511,0.0285371734199421,0.996755329183173,0.99599438641369,0.997403887658634,226.0,,,Assoc w R,,,,1) Assoc w R,,No change,,,yes,,,1
Ethambutol,embB,p.Gln497Arg,embB_p.Gln497Arg,1,missense_variant,"(see ""Genomic_coordinates"" sheet)",1.0,518.0,378.0,140.0,999.0,224.0,8482.0,35481.0,0.105368632000843,0.099257665294317,0.111723219217735,0.993726368855902,0.992851906608634,0.994518991541889,0.816843826655764,0.794004415472492,0.838148263129354,0.729729729729729,0.689280056001963,0.767534878796884,0.627906976744186,0.587912163546971,0.666640241358488,11.2943527469936,9.26426793673861,13.829804932846,1.49221680681871e-151,3.0,4975.0,1.0,0.0,18.6558505195877,16.0872907032825,21.690634002782,0.0426636568848758,0.0385500885949601,0.0470812501039636,0.993726368855902,0.992851906608634,0.994518991541889,1) Assoc w R,1) Assoc w R,ALL+WHO,1) Assoc w R,1.0,348.0,274.0,74.0,591.0,112.0,5969.0,26393.0,0.0900914634146341,0.083270126719019,0.0972796754623511,0.995774382192039,0.994917668905929,0.996519405124771,0.840682788051209,0.811498489091262,0.866971481527409,0.78735632183908,0.740567704163137,0.829178163414419,0.709844559585492,0.661784073383537,0.754652916162955,16.3721615735353,12.5983973671173,21.501072228675,1.50066491296008e-129,3.0,4087.0,1.0,0.0,0.0,0.0,0.0,0.0,0.0,0.0,0.0,23.3322508556111,18.9901155177292,28.8805238343897,0.0438891558545571,0.0389418521780481,0.0492680392229074,0.995774382192039,0.994917668905929,0.996519405124771,420.0,,,Assoc w R,,,,1) Assoc w R,,No change,,,yes,,,1
Ethambutol,embB,p.Gln497Lys,embB_p.Gln497Lys,1,missense_variant,"(see ""Genomic_coordinates"" sheet)",1.0,66.0,35.0,31.0,145.0,51.0,9336.0,35654.0,0.0152937453855078,0.0129205939129316,0.0179710660624496,0.998571628623442,0.998122377764315,0.99893630448237,0.739795918367346,0.672473299569808,0.799711536945324,0.53030303030303,0.403420053441724,0.654378697236779,0.406976744186046,0.302244598839298,0.518305307281827,4.3117519418415,2.58079390626486,7.23606619611604,7.8497473931843e-09,13.0,4975.0,1.0,0.0,10.8578851420602,7.83230696382095,15.2592994159497,0.00373492690214491,0.00260285067964409,0.00519058718699894,0.998571628623442,0.998122377764315,0.99893630448237,1) Assoc w R,1) Assoc w R,ALL+WHO,1) Assoc w R,1.0,55.0,34.0,21.0,98.0,34.0,6462.0,26471.0,0.0149390243902439,0.0121444194641604,0.0181760718321121,0.99871722316544,0.998207904910638,0.999111481246239,0.742424242424242,0.659088076583859,0.814561215783364,0.618181818181818,0.477262254960502,0.745908351677454,0.5,0.376203580890874,0.623796419109125,6.63228250136328,3.73657108046574,12.0330619955174,9.49244394003994e-12,9.0,4087.0,1.0,0.0,0.0,0.0,0.0,0.0,0.0,0.0,0.0,11.8072987783785,7.91115119978038,18.0029130024305,0.00523399014778325,0.00362733282164595,0.00730636592648992,0.99871722316544,0.998207904910638,0.999111481246239,93.0,,,Assoc w R,,,,1) Assoc w R,,No change,,,yes,,,1
Ethambutol,embB,p.Gly406Ala,embB_p.Gly406Ala,1,missense_variant,"(see ""Genomic_coordinates"" sheet)",1.0,279.0,148.0,131.0,328.0,199.0,9153.0,35506.0,0.0345955068030798,0.0310077331815859,0.0384727503928411,0.994426550903234,0.993598720335067,0.995172318015163,0.622390891840607,0.579458532763973,0.66394234120943,0.530465949820788,0.470057238651058,0.59022076781995,0.426512968299711,0.373858556034958,0.480432302994881,4.38256843165758,3.43625724204878,5.59339460828322,7.51937095775362e-33,6.0,4975.0,1.0,0.0,6.393800094101,5.33618790704325,7.676713106466,0.0159122674981184,0.0134678769220741,0.0186662351640781,0.994426550903234,0.993598720335067,0.995172318015163,1) Assoc w R,1) Assoc w R,ALL+WHO,1) Assoc w R,1.0,175.0,114.0,61.0,236.0,99.0,6324.0,26406.0,0.0359756097560975,0.0316001729736633,0.0407695150254686,0.996264855687606,0.995454443831827,0.996963253489467,0.704477611940298,0.652466050812572,0.752831177722409,0.651428571428571,0.575863958166414,0.721765678038058,0.535211267605633,0.465796336935525,0.603632516930829,7.80343422403334,5.66185824899797,10.8428561850494,1.56570859110845e-39,5.0,4087.0,1.0,0.0,0.0,0.0,0.0,0.0,0.0,0.0,0.0,9.95376919096084,7.82675685655679,12.7373231507447,0.0177073625349487,0.014628023053473,0.0212339195673597,0.996264855687606,0.995454443831827,0.996963253489467,103.0,,,Assoc w R,,,,1) Assoc w R,,No change,,,yes,,,1
Ethambutol,embB,p.Gly406Asp,embB_p.Gly406Asp,1,missense_variant,"(see ""Genomic_coordinates"" sheet)",1.0,262.0,123.0,139.0,274.0,212.0,9207.0,35493.0,0.0288999050733045,0.0256204347372978,0.0324728763257743,0.994062456238622,0.993210028125001,0.994832939725762,0.563786008230452,0.518391982348716,0.608399414648577,0.469465648854961,0.407774746028996,0.531855035665051,0.367164179104477,0.315430783189645,0.421269185275527,3.41126043446767,2.65144456178866,4.3848659094746,2.23779310018432e-21,8.0,4975.0,1.0,0.0,4.98240776603527,4.14295141675335,5.99751228657437,0.0131832797427652,0.010968253406517,0.0157094467607525,0.994062456238622,0.993210028125001,0.994832939725762,1) Assoc w R,1) Assoc w R,ALL+WHO,1) Assoc w R,1.0,197.0,98.0,99.0,214.0,156.0,6346.0,26349.0,0.0326219512195121,0.0284557624848086,0.0372100706568957,0.994114318053197,0.99311827991505,0.994999550874335,0.578378378378378,0.52625046448202,0.629242015337141,0.49746192893401,0.425606953168597,0.56939442695752,0.385826771653543,0.325640547193873,0.448710814703848,4.11012424910943,3.07199738379538,5.49855183745237,1.88722276276525e-21,6.0,4087.0,1.0,0.0,0.0,0.0,0.0,0.0,0.0,0.0,0.0,5.69578050376978,4.6034235646708,7.06019865785574,0.0152079453755431,0.0123633323552247,0.0185027159158492,0.994114318053197,0.99311827991505,0.994999550874335,95.0,,,Assoc w R,,,,1) Assoc w R,,No change,,,yes,,,1
Ethambutol,embB,p.Gly406Cys,embB_p.Gly406Cys,1,missense_variant,"(see ""Genomic_coordinates"" sheet)",1.0,43.0,25.0,18.0,36.0,28.0,9445.0,35677.0,0.00379706781985022,0.00266079394079502,0.00525290420804873,0.999215796106988,0.998866804929334,0.999478840936165,0.5625,0.432758900066459,0.686265246451503,0.581395348837209,0.421269596520751,0.729885877295442,0.471698113207547,0.333024695678895,0.6136447928059,5.24630904064466,2.74815445613534,10.2093245151543,1.15470102068785e-07,15.0,4975.0,1.0,0.0,4.85658322619677,2.87999323812963,8.2660533619352,0.00263991552270327,0.00170912030781163,0.00389458605926256,0.999215796106988,0.998866804929334,0.999478840936165,1) Assoc w R,1) Assoc w R,ALL+WHO,1) Assoc w R,1.0,36.0,23.0,13.0,30.0,19.0,6530.0,26486.0,0.00457317073170731,0.00308756239284879,0.00652210018905333,0.999283154121863,0.998880781714398,0.999568358524102,0.612244897959183,0.462385490920229,0.748025517209223,0.638888888888888,0.462209000168164,0.791777052913407,0.547619047619047,0.386731787237871,0.701541186803682,7.17608670043585,3.48353813648264,15.4248515602761,1.00947784018888e-08,11.0,4087.0,1.0,0.0,0.0,0.0,0.0,0.0,0.0,0.0,0.0,6.40428790199081,3.48563637860853,12.0498271289841,0.0035098428200824,0.00222620055200241,0.00526186075431601,0.999283154121863,0.998880781714398,0.999568358524102,9.0,,,Assoc w R,,,,1) Assoc w R,,No change,,,yes,,,1
Ethambutol,embB,p.Gly406Ser,embB_p.Gly406Ser,1,missense_variant,"(see ""Genomic_coordinates"" sheet)",1.0,95.0,58.0,37.0,187.0,76.0,9294.0,35629.0,0.0197236578419997,0.0170203188631841,0.0227274347388858,0.997871446576109,0.997336511761874,0.998322586648195,0.711026615969581,0.652172430175911,0.765053477346242,0.610526315789473,0.505025705660439,0.708939171369765,0.432835820895522,0.347557183161083,0.521149145857349,6.00934633794543,3.90839428169284,9.34284751286563,1.6342648966017e-17,9.0,4975.0,1.0,0.0,9.43254703090845,7.17963930098335,12.4975317786564,0.00620188195038494,0.00471261838396347,0.00801008640653377,0.997871446576109,0.997336511761874,0.998322586648195,1) Assoc w R,1) Assoc w R,ALL+WHO,1) Assoc w R,1.0,48.0,29.0,19.0,98.0,39.0,6462.0,26466.0,0.0149390243902439,0.0121444194641604,0.0181760718321121,0.998528579513299,0.997989063008624,0.998953473433816,0.715328467153284,0.631994755902539,0.789101294187584,0.604166666666666,0.452695800910679,0.742301027153591,0.426470588235294,0.307226086304429,0.552328203311738,6.25123393441821,3.38495932272663,11.8022567472754,6.90968977093244e-10,10.0,4087.0,1.0,0.0,0.0,0.0,0.0,0.0,0.0,0.0,0.0,10.2915982191748,7.0249159176814,15.339853148368,0.00446772454167308,0.00299408554304516,0.00641014340180208,0.998528579513299,0.997989063008624,0.998953473433816,93.0,,,Assoc w R,,,,1) Assoc w R,,No change,,,yes,,,1
Ethambutol,embB,p.Met306Ile,embB_p.Met306Ile,1,missense_variant,"(see ""Genomic_coordinates"" sheet)",1.0,1915.0,1043.0,872.0,1953.0,1159.0,7528.0,34546.0,0.205990929226874,0.197888835750244,0.214274040047472,0.967539560285674,0.9656488979585,0.969353663517158,0.627570694087403,0.610310834629869,0.644590407613603,0.544647519582245,0.522027733394758,0.567130366289681,0.473660308810172,0.452625279800264,0.494765528193675,5.48890838118729,4.99395425603882,6.03278378463946,3.28014428395086e-267,2.0,4975.0,1.0,0.0,7.73280334378916,7.15524817551321,8.35793622598949,0.121689417804223,0.114839305412665,0.12879783193207,0.967539560285674,0.9656488979585,0.969353663517158,1) Assoc w R,1) Assoc w R,ALL+WHO,1) Assoc w R,1.0,1177.0,720.0,457.0,1360.0,611.0,5200.0,25894.0,0.207317073170731,0.197562747239855,0.217332260222209,0.976947745708357,0.975069062046435,0.978720836180991,0.690005073566717,0.669062028032472,0.710381371498973,0.611724723874256,0.583206387436325,0.639683241429974,0.540946656649136,0.513734269370169,0.567977869963188,7.8453459013634,6.94048593062534,8.87535008375898,1.89041944033969e-243,2.0,4087.0,1.0,0.0,0.0,0.0,0.0,0.0,0.0,0.0,0.0,11.083922951026,10.0206371310341,12.2672935954857,0.121621621621621,0.113399160673871,0.130218924984521,0.976947745708357,0.975069062046435,0.978720836180991,922.0,,,Assoc w R,,,,1) Assoc w R,,No change,,,yes,,,1
Ethambutol,embB,p.Met306Leu,embB_p.Met306Leu,1,missense_variant,"(see ""Genomic_coordinates"" sheet)",1.0,98.0,69.0,29.0,145.0,50.0,9336.0,35655.0,0.0152937453855078,0.0129205939129316,0.0179710660624496,0.998599635905335,0.998154206154326,0.998960449649607,0.743589743589743,0.676310453100606,0.803303807966354,0.704081632653061,0.603380426314403,0.792050286101026,0.579831932773109,0.48589745716815,0.669696458836152,9.08679416718376,5.80666051666257,14.5564278624362,7.2598956150336e-26,7.0,4975.0,1.0,0.0,11.075353470437,7.97262327431919,15.6120359800822,0.00733652312599681,0.00571260718378771,0.00927578450758481,0.998599635905335,0.998154206154326,0.998960449649607,1) Assoc w R,1) Assoc w R,ALL+WHO,1) Assoc w R,1.0,70.0,50.0,20.0,99.0,37.0,6461.0,26468.0,0.0150914634146341,0.0122820711467651,0.0183430880851781,0.998604036974155,0.998076357089741,0.999016928650496,0.727941176470588,0.645017071133736,0.800660639368295,0.714285714285714,0.59378220158117,0.815954391426665,0.57471264367816,0.4640657682467,0.68012540064778,10.2414486921529,5.98319636092829,18.1717087621935,1.11599952451295e-20,7.0,4087.0,1.0,0.0,0.0,0.0,0.0,0.0,0.0,0.0,0.0,10.9611180597096,7.43470434586753,16.4646902495419,0.00767931193365074,0.00570495072930897,0.0101118263284482,0.998604036974155,0.998076357089741,0.999016928650496,77.0,,,Assoc w R,,,,1) Assoc w R,,No change,,,yes,,,1
Ethambutol,embB,p.Met306Val,embB_p.Met306Val,1,missense_variant,"(see ""Genomic_coordinates"" sheet)",1.0,2658.0,2125.0,533.0,3245.0,685.0,6236.0,35020.0,0.342263474317055,0.332709872028954,0.351914071429226,0.980815011903094,0.979338413613011,0.982212649501428,0.825699745547073,0.813470907345898,0.837442240483999,0.799473288186606,0.78373746061429,0.814546656821879,0.756227758007117,0.739912870713119,0.772007286444129,22.3893641832752,20.2803011846344,24.767191242766,0.0,1.0,4975.0,1.0,0.0,26.6032174845376,24.3816638037971,29.0675472076101,0.254156201411314,0.244850951694233,0.263633070364675,0.980815011903094,0.979338413613011,0.982212649501428,1) Assoc w R,1) Assoc w R,ALL+WHO,1) Assoc w R,1.0,1917.0,1601.0,316.0,2297.0,393.0,4263.0,26112.0,0.35015243902439,0.338601632619479,0.361836597864967,0.985172608941709,0.983644324520702,0.986593129282058,0.853903345724907,0.839985496693624,0.867046081363698,0.835159102764736,0.81777907624398,0.851506949737409,0.802908726178535,0.784757654563651,0.820164472664125,31.0333781701244,27.3400105511995,35.3010885576625,0.0,1.0,4087.0,1.0,0.0,0.0,0.0,0.0,0.0,0.0,0.0,0.0,35.8008426850603,32.0021978056078,40.1596078991902,0.273021828103683,0.26164896653891,0.284620908893361,0.985172608941709,0.983644324520702,0.986593129282058,1501.0,,,Assoc w R,,,,1) Assoc w R,,No change,,,yes,,,1
Ethambutol,embB,p.Tyr319Cys,embB_p.Tyr319Cys,1,missense_variant,"(see ""Genomic_coordinates"" sheet)",1.0,38.0,16.0,22.0,34.0,30.0,9447.0,35675.0,0.00358611960763632,0.00248473185647407,0.00500767053673668,0.999159781543201,0.998800751376515,0.999433038579865,0.53125,0.402309844598351,0.657203471060379,0.421052631578947,0.263098237251484,0.591785545880094,0.347826086956521,0.213543554251505,0.502490050672963,2.74642262574939,1.34765165656681,5.47769354948829,0.00403378847924426,40.0,4975.0,0.0,0.0,4.27984192512614,2.54030572459455,7.24260365082289,0.00169079573074077,0.00096673500407895,0.00274429796248114,0.999159781543201,0.998800751376515,0.999433038579865,3) Uncertain significance,1) Assoc w R,WHO,1) Assoc w R,1.0,27.0,16.0,11.0,27.0,12.0,6533.0,26493.0,0.00411585365853658,0.00271407267173401,0.00598274243419924,0.999547255234861,0.999209279704825,0.999766038988972,0.692307692307692,0.524308608458315,0.829804097035305,0.592592592592592,0.387983930259681,0.776102708649418,0.571428571428571,0.371793628612095,0.755376063697853,5.89855697646911,2.56926566707256,14.0632604730824,7.60193309058533e-06,18.0,4087.0,1.0,0.0,0.0,0.0,0.0,0.0,0.0,0.0,0.0,9.12433032297566,4.46637171074095,19.7804714045946,0.00244312108718888,0.0013970795752522,0.00396445147595754,0.999547255234861,0.999209279704825,0.999766038988972,7.0,,,Assoc w R,,,,1) Assoc w R,,No change,,,yes,,,1
Ethambutol,embB,p.Tyr319Ser,embB_p.Tyr319Ser,1,missense_variant,"(see ""Genomic_coordinates"" sheet)",1.0,218.0,176.0,42.0,204.0,47.0,9277.0,35658.0,0.0215167176458179,0.0186910146301179,0.0246414392548319,0.998683657751015,0.998249923877253,0.999032645856775,0.812749003984063,0.75889411206361,0.859050366685027,0.807339449541284,0.748636579569688,0.85747767029404,0.789237668161434,0.729775249326185,0.84083729090853,16.1069311199741,11.436847086473,23.141402946997,9.0237939527766e-80,4.0,4975.0,1.0,0.0,16.6832913244606,12.0861915867461,23.4483340042923,0.0186184280122712,0.0159897287939818,0.0215493656567457,0.998683657751015,0.998249923877253,0.999032645856775,1) Assoc w R,1) Assoc w R,ALL+WHO,1) Assoc w R,1.0,73.0,51.0,22.0,78.0,26.0,6482.0,26479.0,0.011890243902439,0.00940977899252809,0.0148176376444599,0.999019053008866,0.998563013375042,0.999359115925842,0.75,0.655529565347755,0.829738569022184,0.698630136986301,0.579988495402232,0.800560390142616,0.662337662337662,0.545540637353491,0.766224038020354,9.46978345628453,5.63616295595036,16.4069685899099,2.51297455965995e-20,8.0,4087.0,1.0,0.0,0.0,0.0,0.0,0.0,0.0,0.0,0.0,12.2550138846035,7.76505868876132,19.9152795214612,0.00780652074085412,0.00581783192321869,0.0102515071229073,0.999019053008866,0.998563013375042,0.999359115925842,23.0,,,Assoc w R,,,,1) Assoc w R,,No change,,,yes,,,1
Isoniazid,inhA,c.-154G>A,inhA_c.-154G>A,1,upstream_gene_variant,1674048,1.0,194.0,136.0,58.0,745.0,64.0,20101.0,27404.0,0.0357382711311522,0.0332592068793663,0.0383478644914445,0.99767001601864,0.997025622876796,0.998205180195353,0.92088998763906,0.9000986481111,0.938545299081236,0.701030927835051,0.631298907793497,0.764501149066127,0.68,0.610530114938341,0.744038812360042,3.19673922553175,2.33284665167019,4.42758308447243,7.86238576999484e-15,10.0,5574.0,1.0,0.0,15.8698416745435,12.2715652601671,20.8315939993026,0.00672036369027029,0.00564132500581181,0.00794454666365718,0.99767001601864,0.997025622876796,0.998205180195353,1) Assoc w R,1) Assoc w R,ALL+WHO,1) Assoc w R,1.0,161.0,107.0,54.0,520.0,60.0,12854.0,21253.0,0.0388814116943322,0.035668459407359,0.0422969292912083,0.997184816778492,0.996377766664424,0.9978510520541,0.896551724137931,0.868851087792916,0.920126232555147,0.664596273291925,0.58603415523357,0.736971196432387,0.640718562874251,0.562962560052354,0.713382010212576,3.27621175711264,2.33869636572943,4.63600829924268,2.83713073883097e-13,9.0,4479.0,1.0,0.0,0.0,0.0,0.0,0.0,0.0,0.0,0.0,14.3295990871842,10.9390555301988,19.0619834545612,0.00825553583828408,0.0067704024051655,0.00996737619439835,0.997184816778492,0.996377766664424,0.9978510520541,92.0,,,Assoc w R,,Marker of R,,1) Assoc w R,"Alias fabG1_p.Leu203Leu. Low-level resistance (multiple, genetically linked low-level resistance mutations are additive and confer high-level resistance)",No change,,,yes,,"F, H",1
Isoniazid,inhA,c.-770T>A,inhA_c.-770T>A,1,upstream_gene_variant,1673432,1.0,17.0,12.0,5.0,166.0,8.0,20680.0,27460.0,0.00796315839969298,0.00680164362644315,0.00926485695183265,0.99970875200233,0.999426206431739,0.999874251669172,0.954022988505747,0.911419313755657,0.979944235012798,0.705882352941176,0.440417281245662,0.89686448562968,0.6,0.360542587307489,0.808809939274692,3.18684719535783,1.04483202667106,11.5464411595993,0.0266238590281171,173.0,5574.0,0.0,0.0,27.5529497098646,13.6601280577168,64.885713857043,0.0005799342741156,0.000299695262529016,0.00101280910128856,0.99970875200233,0.999426206431739,0.999874251669172,3) Uncertain significance,3) Uncertain significance,ALL+WHO,3) Uncertain significance,1.0,14.0,9.0,5.0,91.0,6.0,13283.0,21307.0,0.00680424704650815,0.00548178976840049,0.00834762639917274,0.999718481677849,0.999387354605726,0.999896680954833,0.938144329896907,0.870216339001163,0.976964002717552,0.642857142857142,0.351380110615991,0.87240157014084,0.6,0.322869766206281,0.836635676140486,2.88734472634194,0.868722668870486,10.9693993248319,0.0559903837134369,141.0,4479.0,0.0,0.0,0.0,0.0,0.0,0.0,0.0,0.0,0.0,24.32855278677,10.7538920677453,68.1574141999951,0.000677099006921456,0.000309658036947439,0.00128495394354497,0.999718481677849,0.999387354605726,0.999896680954833,67.0,,,Assoc w RI,,Marker of R,WHO-endorsed gDST assay,2) Assoc w R - Interim,"Alias fabG1_c.-8T>A. Low-level resistance (multiple, genetically linked low-level resistance mutations are additive and confer high-level resistance)",No change,,,yes,WHO-end. gDST,"F, I",1
Isoniazid,inhA,c.-770T>C,inhA_c.-770T>C,1,upstream_gene_variant,1673432,1.0,24.0,10.0,14.0,388.0,17.0,20458.0,27451.0,0.018612683488439,0.0168213820405976,0.0205399513284281,0.999381098004951,0.999009262277189,0.999639426758727,0.958024691358024,0.933642589004973,0.975360777934188,0.416666666666666,0.221096905346678,0.633569354343637,0.37037037037037,0.194007158715135,0.576320427495704,0.958444478583299,0.380772702272104,2.32058223750872,1.0,2027.5,5574.0,0.0,0.0,30.6251200450851,18.8711816068919,53.1242137027661,0.000488567520031268,0.00023431118505675,0.0008983089112201,0.999381098004951,0.999009262277189,0.999639426758727,3) Uncertain significance,3) Uncertain significance,ALL+WHO,3) Uncertain significance,1.0,20.0,9.0,11.0,201.0,12.0,13173.0,21301.0,0.0150291610587707,0.0130357849364298,0.0172374191276901,0.999436963355698,0.999016695060306,0.999709037985722,0.943661971830986,0.90365734320649,0.970553841572112,0.45,0.230577896775924,0.684721866959451,0.428571428571428,0.21819685688513,0.659793690719725,1.32301608662346,0.48443762440796,3.51287490895968,0.646181197333981,994.0,4479.0,0.0,0.0,0.0,0.0,0.0,0.0,0.0,0.0,0.0,27.0850793289303,15.1552028671243,53.309687117259,0.000682749203459262,0.00031224242513154,0.00129567322588386,0.999436963355698,0.999016695060306,0.999709037985722,55.0,,,Assoc w RI,,Marker of R,WHO-endorsed gDST assay,2) Assoc w R - Interim,"Alias fabG1_c.-8T>C. Low-level resistance (multiple, genetically linked low-level resistance mutations are additive and confer high-level resistance)",No change,,,yes,WHO-end. gDST,"F, J",1
Isoniazid,inhA,c.-770T>G,inhA_c.-770T>G,1,upstream_gene_variant,1673432,1.0,3.0,3.0,0.0,19.0,0.0,20827.0,27468.0,0.000911445840928715,0.000548836318218138,0.00142297127227785,1.0,0.999865711673152,1.0,1.0,0.823533088193034,1.0,1.0,0.292401773821286,1.0,1.0,0.292401773821286,1.0,inf,0.544944835107701,inf,0.0802130063479926,276.0,5574.0,0.0,0.0,inf,6.15281557358538,inf,0.000144023043686989,2.97019989197563e-05,0.000420838186784513,1.0,0.999865711673152,1.0,3) Uncertain significance,3) Uncertain significance,ALL+WHO,3) Uncertain significance,1.0,1.0,1.0,0.0,6.0,0.0,13368.0,21313.0,0.000448631673396141,0.000164657143425453,0.000976224581517196,1.0,0.999826933785262,1.0,1.0,0.540741873560099,1.0,1.0,0.025,1.0,1.0,0.025,1.0,inf,0.0408769722035076,inf,0.385473732772043,479.5,4479.0,0.0,0.0,0.0,0.0,0.0,0.0,0.0,0.0,0.0,inf,1.87681913692541,inf,7.47999102401077e-05,1.89376797152033e-06,0.000416687175469531,1.0,0.999826933785262,1.0,2.0,,,,,Marker of R,WHO-endorsed gDST assay,2) Assoc w R - Interim,"Alias fabG1_c.-8T>G. Low-level resistance (multiple, genetically linked low-level resistance mutations are additive and confer high-level resistance)",UP from Uncertain to AwRI,,,yes,WHO-end. gDST,"F, K",4
Isoniazid,inhA,c.-777C>T,inhA_c.-777C>T,1,upstream_gene_variant,1673425,1.0,1112.0,976.0,136.0,4449.0,161.0,16397.0,27307.0,0.213422239278518,0.207876554970914,0.21904795069176,0.994138634046891,0.99316340913719,0.995006976120627,0.965075921908893,0.959364835822138,0.970187546595791,0.877697841726618,0.856986774563693,0.896385318820128,0.858399296394019,0.836768013513882,0.878156427092355,11.9514473594524,9.96806946890599,14.4222215705404,1.32614968861587e-259,3.0,5574.0,1.0,0.0,46.0199479756371,39.2710122334902,54.3086350095898,0.0561791285327807,0.0528007982595569,0.0597069676360048,0.994138634046891,0.99316340913719,0.995006976120627,1) Assoc w R,1) Assoc w R,ALL+WHO,1) Assoc w R,1.0,730.0,633.0,97.0,2976.0,113.0,10398.0,21200.0,0.222521310004486,0.215495558599208,0.229667991282605,0.994698071599493,0.993629041091926,0.995628522831882,0.963418582065393,0.956182829852728,0.96975856800893,0.867123287671232,0.840327333885659,0.890908414175953,0.8485254691689,0.820756424252325,0.873503490397435,13.3050963408902,10.7112691839411,16.6711315453634,1.57875459644027e-195,3.0,4479.0,1.0,0.0,0.0,0.0,0.0,0.0,0.0,0.0,0.0,53.6958264608408,44.4123445599485,65.5219011924346,0.0573837367419091,0.0531155638040624,0.0618873460847544,0.994698071599493,0.993629041091926,0.995628522831882,616.0,,,Assoc w R,,Marker of R,,1) Assoc w R,"Alias fabG1_c.-15C>T. Low-level resistance (multiple, genetically linked low-level resistance mutations are additive and confer high-level resistance)",No change,,,yes,,"F, L",1
Isoniazid,inhA,c.-778A>G,inhA_c.-778A>G,1,upstream_gene_variant,1673424,1.0,0.0,0.0,0.0,0.0,1.0,20846.0,27467.0,0.0,0.0,0.00017694296670111,0.999963594000291,0.999797175631493,0.999999078280314,0.0,0.0,0.975,,,,0.0,0.0,0.975,,,,,2914.0,5574.0,0.0,0.0,0.0,0.0,51.3484236392164,0.0,0.0,0.00017694296670111,0.999963594000291,0.999797175631493,0.999999078280314,3) Uncertain significance,3) Uncertain significance,ALL+WHO,3) Uncertain significance,,,,,,,,,,,,,,,,,,,,,,,,,,,,,,,,0.0,0.0,0.0,0.0,0.0,0.0,0.0,,,,,,,,,,,,,Assoc w RI,,Marker of R,WHO-endorsed gDST assay,2) Assoc w R - Interim,"Alias fabG1_c.-16A>G. Low-level resistance (multiple, genetically linked low-level resistance mutations are additive and confer high-level resistance)",no change,,,yes,WHO-end. gDST,"F, M",1
Isoniazid,inhA,c.-779G>T,inhA_c.-779G>T,1,upstream_gene_variant,1673423,1.0,56.0,33.0,23.0,339.0,26.0,20507.0,27442.0,0.0162621126355176,0.0145888637253057,0.0180721490485002,0.999053444007572,0.998613381560132,0.999381587946625,0.928767123287671,0.897367369343834,0.952943638740981,0.589285714285714,0.449764917401547,0.719028475615399,0.559322033898305,0.424036659239704,0.688448997593276,1.91999338507953,1.09346307574473,3.42572286740439,0.020739581124508,149.0,5574.0,0.0,0.0,17.4477720553206,11.6899566544449,27.1175135028899,0.00160662122687439,0.00110617421459099,0.00225556049112711,0.999053444007572,0.998613381560132,0.999381587946625,3) Uncertain significance,3) Uncertain significance,ALL+WHO,3) Uncertain significance,1.0,34.0,18.0,16.0,122.0,19.0,13252.0,21294.0,0.00912217735905488,0.00758100826556867,0.0108822389430857,0.999108525313189,0.998608200368116,0.999463191365845,0.865248226950354,0.797590994342756,0.916880164621471,0.529411764705882,0.351292837051412,0.702213333581803,0.486486486486486,0.31921410648154,0.656003184334233,1.80770827044974,0.869798930694136,3.79068529307506,0.110723274361851,194.0,4479.0,0.0,0.0,0.0,0.0,0.0,0.0,0.0,0.0,0.0,10.3176799529763,6.32685444779675,17.7311030498189,0.00135644310474755,0.000804106051480674,0.0021429209404041,0.999108525313189,0.998608200368116,0.999463191365845,178.0,,,,,Marker of R,WHO-endorsed gDST assay,2) Assoc w R - Interim,"Alias fabG1_c.-17G>T. Low-level resistance (multiple, genetically linked low-level resistance mutations are additive and confer high-level resistance)",UP from Uncertain to AwRI,,,yes,WHO-end. gDST,"F, N",4
Isoniazid,inhA,p.Ser94Ala,inhA_p.Ser94Ala,1,missense_variant,"(see ""Genomic_coordinates"" sheet)",1.0,48.0,28.0,20.0,213.0,27.0,20633.0,27441.0,0.0102177875851482,0.00889727984918739,0.0116774294202073,0.999017038007863,0.998570161716172,0.99935212504807,0.8875,0.840550857927552,0.924539400703161,0.583333333333333,0.432131711340739,0.723872576135536,0.509090909090909,0.370705345105322,0.646463796842059,1.86193961130228,1.01172413460911,3.48722102290738,0.0401131588473724,179.0,5574.0,0.0,0.0,10.4918819367033,7.00633488271357,16.2987858240311,0.00135521029959827,0.000900710425776011,0.00195806516718642,0.999017038007863,0.998570161716172,0.99935212504807,3) Uncertain significance,3) Uncertain significance,ALL+WHO,3) Uncertain significance,1.0,33.0,19.0,14.0,127.0,18.0,13247.0,21295.0,0.009496037086885,0.00792239232848448,0.0112882825841944,0.999155445033547,0.998665566208554,0.999499388823668,0.875862068965517,0.810919084604511,0.924740843759471,0.575757575757575,0.392153016187885,0.745238177265304,0.513513513513513,0.343996815665766,0.680785893518459,2.18165298881687,1.03667610613295,4.70465570928399,0.030438363508306,125.0,4479.0,0.0,0.0,0.0,0.0,0.0,0.0,0.0,0.0,0.0,11.3420439009251,6.88925969484679,19.7571815000794,0.00143223277551635,0.000862511032144831,0.00223570929450522,0.999155445033547,0.998665566208554,0.999499388823668,31.0,,,,,,INH-ETO cross-resistance,2) Assoc w R - Interim,"Low-level resistance (multiple, genetically linked low-level resistance mutations are additive and confer high-level resistance)",UP from Uncertain to AwRI,,,yes,INH-ETH X-R,F,4
Isoniazid,katG,deletion,katG_deletion,1,feature_ablation,"(see ""Genomic_coordinates"" sheet)",0.0,0.0,0.0,0.0,58.0,0.0,20788.0,27468.0,0.00278230835651923,0.00211338064309473,0.00359531342928037,1.0,0.999865711673152,1.0,1.0,0.93837899109608,1.0,,,,,,,,,,,3027.0,5574.0,0.0,0.0,inf,20.1151800584271,inf,0.0,0.0,0.000177436606374299,1.0,0.999865711673152,1.0,3) Uncertain significance,3) Uncertain significance,ALL+WHO,3) Uncertain significance,0.0,0.0,0.0,0.0,41.0,0.0,13333.0,21313.0,0.00306564976820696,0.00220083411622644,0.00415662587679321,1.0,0.999826933785262,1.0,1.0,0.913956163705971,1.0,,,,,,,,,,,2461.0,4479.0,0.0,0.0,0.0,0.0,0.0,0.0,0.0,0.0,0.0,inf,16.9759724663875,inf,0.0,0.0,0.00027663460546986,1.0,0.999826933785262,1.0,5.0,,,,,,Indel frameshift or premature stop codon (LoF),2) Assoc w R - Interim,High-level resistance,No change,,,no,,G,1
Isoniazid,katG,LoF,katG_LoF,1,LoF,"(see ""Genomic_coordinates"" sheet)",1.0,84.0,79.0,5.0,254.0,11.0,20592.0,27457.0,0.0121845917682049,0.0107396458301132,0.0137678552179872,0.999599534003203,0.9992835689522,0.999800072407065,0.958490566037736,0.926943297246181,0.979099384773437,0.94047619047619,0.866534267086032,0.980392421767844,0.877777777777777,0.791825795365399,0.937379390599158,21.0674339549339,8.65520433764808,66.6941915175929,1.81430435537899e-23,6.0,5574.0,1.0,0.0,30.7890001412728,16.9117987319975,62.4572340298611,0.00382177930433941,0.0030268711808972,0.00476083420879901,0.999599534003203,0.9992835689522,0.999800072407065,1) Assoc w R,1) Assoc w R,ALL+WHO,1) Assoc w R,1.0,60.0,56.0,4.0,176.0,9.0,13198.0,21304.0,0.0131598624196201,0.0112975983174946,0.0152381718197023,0.999577722516773,0.999198537836033,0.999806890245066,0.951351351351351,0.909661011316144,0.977516473755229,0.933333333333333,0.838013244802271,0.981538222424118,0.861538461538461,0.753361714678883,0.93468037599213,22.5985755417487,8.34787812435481,86.0347158729208,3.37626164076191e-19,6.0,4479.0,1.0,0.0,0.0,0.0,0.0,0.0,0.0,0.0,0.0,31.5662642487919,16.2431589494044,70.1599275845588,0.00422513958050399,0.00319315608808643,0.00548323224183804,0.999577722516773,0.999198537836033,0.999806890245066,,,,,,,,1) Assoc w R,High-level resistance,UP from AwRI to AwR,,,yes,,G,4
Isoniazid,katG,p.Ala16fs,katG_p.Ala16fs,1,frameshift,"(see ""Genomic_coordinates"" sheet)",1.0,4.0,3.0,1.0,5.0,2.0,20841.0,27466.0,0.000239854168665451,7.78844354195375e-05,0.000559650096554077,0.999927188000582,0.999737003036386,0.999991182007438,0.714285714285714,0.290420863737342,0.963307433823914,0.75,0.194120449683243,0.99369053679029,0.6,0.146632799634673,0.947255049473683,3.95364905714697,0.317411094784331,207.336160967293,0.321774940087971,580.0,5574.0,0.0,0.0,3.29470754762247,0.539313466840718,34.60579842565,0.000143926309729418,2.9682048729561e-05,0.000420555567348889,0.999927188000582,0.999737003036386,0.999991182007438,3) Uncertain significance,3) Uncertain significance,ALL+WHO,3) Uncertain significance,1.0,4.0,3.0,1.0,3.0,1.0,13371.0,21312.0,0.00022431583669807,4.6261707448018e-05,0.000655404732399905,0.999953080279641,0.999738608085756,0.999998812096234,0.75,0.194120449683243,0.99369053679029,0.75,0.194120449683243,0.99369053679029,0.75,0.194120449683243,0.99369053679029,4.78169172088849,0.383875689805931,250.696170545132,0.162956956196593,228.0,4479.0,0.0,0.0,0.0,0.0,0.0,0.0,0.0,0.0,0.0,4.78169172088849,0.383875689805931,250.696170545132,0.00022431583669807,4.6261707448018e-05,0.000655404732399905,0.999953080279641,0.999738608085756,0.999998812096234,,,,,,,Indel frameshift or premature stop codon (LoF),2) Assoc w R - Interim,High-level resistance,No change,AwRI by relaxed thresholds (not endorsed),,no,,"G, O",1
Isoniazid,katG,p.Ala202fs,katG_p.Ala202fs,1,frameshift,"(see ""Genomic_coordinates"" sheet)",2.0,1.0,1.0,0.0,1.0,0.0,20845.0,27468.0,4.79708337330902e-05,1.21451561977598e-06,0.000267247072972983,1.0,0.999865711673152,1.0,1.0,0.025,1.0,1.0,0.025,1.0,1.0,0.025,1.0,inf,0.0337859573643402,inf,0.431469139379889,746.0,5574.0,0.0,0.0,inf,0.0337859573643402,inf,4.79708337330902e-05,1.21451561977598e-06,0.000267247072972983,1.0,0.999865711673152,1.0,3) Uncertain significance,3) Uncertain significance,ALL+WHO,3) Uncertain significance,,,,,,,,,,,,,,,,,,,,,,,,,,,,,,,,0.0,0.0,0.0,0.0,0.0,0.0,0.0,,,,,,,,,,,,,,,,Indel frameshift or premature stop codon (LoF),2) Assoc w R - Interim,High-level resistance,No change,,,no,,G,1
Isoniazid,katG,p.Ala478fs,katG_p.Ala478fs,1,frameshift,"(see ""Genomic_coordinates"" sheet)",2.0,1.0,1.0,0.0,2.0,0.0,20844.0,27468.0,9.59416674661805e-05,1.16191922227078e-05,0.000346530862189542,1.0,0.999865711673152,1.0,1.0,0.158113883008419,1.0,1.0,0.025,1.0,1.0,0.025,1.0,inf,0.0337875782094303,inf,0.431457371721896,645.0,5574.0,0.0,0.0,inf,0.247471899512553,inf,4.79731350443751e-05,1.21457388386244e-06,0.000267259892247036,1.0,0.999865711673152,1.0,3) Uncertain significance,3) Uncertain significance,ALL+WHO,3) Uncertain significance,0.0,0.0,0.0,0.0,1.0,0.0,13373.0,21313.0,7.47719455660236e-05,1.89305996861207e-06,0.000416531419540481,1.0,0.999826933785262,1.0,1.0,0.025,1.0,,,,,,,,,,,2549.0,4479.0,0.0,0.0,0.0,0.0,0.0,0.0,0.0,0.0,0.0,inf,0.0408616897784423,inf,0.0,0.0,0.000275807277411719,1.0,0.999826933785262,1.0,,,,,,,Indel frameshift or premature stop codon (LoF),2) Assoc w R - Interim,High-level resistance,No change,,,no,,G,1
Isoniazid,katG,p.Ala551fs,katG_p.Ala551fs,1,frameshift,"(see ""Genomic_coordinates"" sheet)",2.0,1.0,1.0,0.0,2.0,0.0,20844.0,27468.0,9.59416674661805e-05,1.16191922227078e-05,0.000346530862189542,1.0,0.999865711673152,1.0,1.0,0.158113883008419,1.0,1.0,0.025,1.0,1.0,0.025,1.0,inf,0.0337875782094303,inf,0.431457371721896,645.0,5574.0,0.0,0.0,inf,0.247471899512553,inf,4.79731350443751e-05,1.21457388386244e-06,0.000267259892247036,1.0,0.999865711673152,1.0,3) Uncertain significance,3) Uncertain significance,ALL+WHO,3) Uncertain significance,2.0,1.0,1.0,0.0,2.0,0.0,13372.0,21313.0,0.000149543891132047,1.81109721013608e-05,0.000540098445265982,1.0,0.999826933785262,1.0,1.0,0.158113883008419,1.0,1.0,0.025,1.0,1.0,0.025,1.0,inf,0.040864745349235,inf,0.385544600126852,512.0,4479.0,0.0,0.0,0.0,0.0,0.0,0.0,0.0,0.0,0.0,inf,0.299307766452077,inf,7.47775368279368e-05,1.89320152683959e-06,0.000416562561410248,1.0,0.999826933785262,1.0,,,,,,,Indel frameshift or premature stop codon (LoF),2) Assoc w R - Interim,High-level resistance,No change,,,no,,G,1
Isoniazid,katG,p.Ala559fs,katG_p.Ala559fs,1,frameshift,"(see ""Genomic_coordinates"" sheet)",0.0,0.0,0.0,0.0,1.0,0.0,20845.0,27468.0,4.79708337330902e-05,1.21451561977598e-06,0.000267247072972983,1.0,0.999865711673152,1.0,1.0,0.025,1.0,,,,,,,,,,,3064.0,5574.0,0.0,0.0,inf,0.0337859573643402,inf,0.0,0.0,0.000176951454458875,1.0,0.999865711673152,1.0,3) Uncertain significance,3) Uncertain significance,ALL+WHO,3) Uncertain significance,,,,,,,,,,,,,,,,,,,,,,,,,,,,,,,,0.0,0.0,0.0,0.0,0.0,0.0,0.0,,,,,,,,,,,,,,,,Indel frameshift or premature stop codon (LoF),2) Assoc w R - Interim,High-level resistance,No change,,,no,,G,1
Isoniazid,katG,p.Ala585fs,katG_p.Ala585fs,1,frameshift,"(see ""Genomic_coordinates"" sheet)",0.0,0.0,0.0,0.0,1.0,0.0,20845.0,27468.0,4.79708337330902e-05,1.21451561977598e-06,0.000267247072972983,1.0,0.999865711673152,1.0,1.0,0.025,1.0,,,,,,,,,,,3512.0,5574.0,0.0,0.0,inf,0.0337859573643402,inf,0.0,0.0,0.000176951454458875,1.0,0.999865711673152,1.0,3) Uncertain significance,3) Uncertain significance,ALL+WHO,3) Uncertain significance,0.0,0.0,0.0,0.0,1.0,0.0,13373.0,21313.0,7.47719455660236e-05,1.89305996861207e-06,0.000416531419540481,1.0,0.999826933785262,1.0,1.0,0.025,1.0,,,,,,,,,,,2826.0,4479.0,0.0,0.0,0.0,0.0,0.0,0.0,0.0,0.0,0.0,inf,0.0408616897784423,inf,0.0,0.0,0.000275807277411719,1.0,0.999826933785262,1.0,,,,,,,Indel frameshift or premature stop codon (LoF),2) Assoc w R - Interim,High-level resistance,No change,,,no,,G,1
Isoniazid,katG,p.Arg496fs,katG_p.Arg496fs,1,frameshift,"(see ""Genomic_coordinates"" sheet)",1.0,1.0,1.0,0.0,1.0,0.0,20845.0,27468.0,4.79708337330902e-05,1.21451561977598e-06,0.000267247072972983,1.0,0.999865711673152,1.0,1.0,0.025,1.0,1.0,0.025,1.0,1.0,0.025,1.0,inf,0.0337859573643402,inf,0.431469139379889,746.0,5574.0,0.0,0.0,inf,0.0337859573643402,inf,4.79708337330902e-05,1.21451561977598e-06,0.000267247072972983,1.0,0.999865711673152,1.0,3) Uncertain significance,3) Uncertain significance,ALL+WHO,3) Uncertain significance,1.0,1.0,1.0,0.0,1.0,0.0,13373.0,21313.0,7.47719455660236e-05,1.89305996861207e-06,0.000416531419540481,1.0,0.999826933785262,1.0,1.0,0.025,1.0,1.0,0.025,1.0,1.0,0.025,1.0,inf,0.0408616897784423,inf,0.385562314411739,597.0,4479.0,0.0,0.0,0.0,0.0,0.0,0.0,0.0,0.0,0.0,inf,0.0408616897784423,inf,7.47719455660236e-05,1.89305996861207e-06,0.000416531419540481,1.0,0.999826933785262,1.0,,,,,,,Indel frameshift or premature stop codon (LoF),2) Assoc w R - Interim,High-level resistance,No change,,,no,,G,1
Isoniazid,katG,p.Asn18fs,katG_p.Asn18fs,1,frameshift,"(see ""Genomic_coordinates"" sheet)",0.0,0.0,0.0,0.0,1.0,0.0,20845.0,27468.0,4.79708337330902e-05,1.21451561977598e-06,0.000267247072972983,1.0,0.999865711673152,1.0,1.0,0.025,1.0,,,,,,,,,,,3293.0,5574.0,0.0,0.0,inf,0.0337859573643402,inf,0.0,0.0,0.000176951454458875,1.0,0.999865711673152,1.0,3) Uncertain significance,3) Uncertain significance,ALL+WHO,3) Uncertain significance,0.0,0.0,0.0,0.0,1.0,0.0,13373.0,21313.0,7.47719455660236e-05,1.89305996861207e-06,0.000416531419540481,1.0,0.999826933785262,1.0,1.0,0.025,1.0,,,,,,,,,,,2664.0,4479.0,0.0,0.0,0.0,0.0,0.0,0.0,0.0,0.0,0.0,inf,0.0408616897784423,inf,0.0,0.0,0.000275807277411719,1.0,0.999826933785262,1.0,,,,,,,Indel frameshift or premature stop codon (LoF),2) Assoc w R - Interim,High-level resistance,No change,,,no,,G,1
Isoniazid,katG,p.Asn236fs,katG_p.Asn236fs,1,frameshift,"(see ""Genomic_coordinates"" sheet)",1.0,0.0,0.0,0.0,0.0,1.0,20846.0,27467.0,0.0,0.0,0.00017694296670111,0.999963594000291,0.999797175631493,0.999999078280314,0.0,0.0,0.975,,,,0.0,0.0,0.975,,,,,3277.0,5574.0,0.0,0.0,0.0,0.0,51.3484236392164,0.0,0.0,0.00017694296670111,0.999963594000291,0.999797175631493,0.999999078280314,3) Uncertain significance,3) Uncertain significance,ALL+WHO,3) Uncertain significance,1.0,0.0,0.0,0.0,0.0,1.0,13374.0,21312.0,0.0,0.0,0.000275786657608973,0.999953080279641,0.999738608085756,0.999998812096234,0.0,0.0,0.975,,,,0.0,0.0,0.975,,,,,2648.0,4479.0,0.0,0.0,0.0,0.0,0.0,0.0,0.0,0.0,0.0,0.0,0.0,62.0916370035077,0.0,0.0,0.000275786657608973,0.999953080279641,0.999738608085756,0.999998812096234,,,,,,,Indel frameshift or premature stop codon (LoF),2) Assoc w R - Interim,High-level resistance,No change,,,no,,G,1
Isoniazid,katG,p.Asn35fs,katG_p.Asn35fs,1,frameshift,"(see ""Genomic_coordinates"" sheet)",0.0,0.0,0.0,0.0,1.0,0.0,20845.0,27468.0,4.79708337330902e-05,1.21451561977598e-06,0.000267247072972983,1.0,0.999865711673152,1.0,1.0,0.025,1.0,,,,,,,,,,,2973.0,5574.0,0.0,0.0,inf,0.0337859573643402,inf,0.0,0.0,0.000176951454458875,1.0,0.999865711673152,1.0,3) Uncertain significance,3) Uncertain significance,ALL+WHO,3) Uncertain significance,0.0,0.0,0.0,0.0,1.0,0.0,13373.0,21313.0,7.47719455660236e-05,1.89305996861207e-06,0.000416531419540481,1.0,0.999826933785262,1.0,1.0,0.025,1.0,,,,,,,,,,,2420.0,4479.0,0.0,0.0,0.0,0.0,0.0,0.0,0.0,0.0,0.0,inf,0.0408616897784423,inf,0.0,0.0,0.000275807277411719,1.0,0.999826933785262,1.0,1.0,,,,,,Indel frameshift or premature stop codon (LoF),2) Assoc w R - Interim,High-level resistance,No change,,,no,,G,1
Isoniazid,katG,p.Asn51fs,katG_p.Asn51fs,1,frameshift,"(see ""Genomic_coordinates"" sheet)",1.0,1.0,1.0,0.0,1.0,1.0,20845.0,27467.0,4.79708337330902e-05,1.21451561977598e-06,0.000267247072972983,0.999963594000291,0.999797175631493,0.999999078280314,0.5,0.012579117093425,0.987420882906574,1.0,0.025,1.0,0.5,0.012579117093425,0.987420882906574,inf,0.0337847273324512,inf,0.431478070084656,825.0,5574.0,0.0,0.0,1.31767810026385,0.0167927522337569,103.35711725526,4.79708337330902e-05,1.21451561977598e-06,0.000267247072972983,0.999963594000291,0.999797175631493,0.999999078280314,3) Uncertain significance,3) Uncertain significance,ALL+WHO,3) Uncertain significance,1.0,0.0,0.0,0.0,0.0,1.0,13374.0,21312.0,0.0,0.0,0.000275786657608973,0.999953080279641,0.999738608085756,0.999998812096234,0.0,0.0,0.975,,,,0.0,0.0,0.975,,,,,2538.0,4479.0,0.0,0.0,0.0,0.0,0.0,0.0,0.0,0.0,0.0,0.0,0.0,62.0916370035077,0.0,0.0,0.000275786657608973,0.999953080279641,0.999738608085756,0.999998812096234,,,,,,,Indel frameshift or premature stop codon (LoF),2) Assoc w R - Interim,High-level resistance,No change,,,no,,G,1
Isoniazid,katG,p.Asn535fs,katG_p.Asn535fs,1,frameshift,"(see ""Genomic_coordinates"" sheet)",0.0,0.0,0.0,0.0,1.0,1.0,20845.0,27467.0,4.79708337330902e-05,1.21451561977598e-06,0.000267247072972983,0.999963594000291,0.999797175631493,0.999999078280314,0.5,0.012579117093425,0.987420882906574,,,,0.0,0.0,0.975,,,,,3164.0,5574.0,0.0,0.0,1.31767810026385,0.0167927522337569,103.35711725526,0.0,0.0,0.000176951454458875,0.999963594000291,0.999797175631493,0.999999078280314,3) Uncertain significance,3) Uncertain significance,ALL+WHO,3) Uncertain significance,0.0,0.0,0.0,0.0,1.0,1.0,13373.0,21312.0,7.47719455660236e-05,1.89305996861207e-06,0.000416531419540481,0.999953080279641,0.999738608085756,0.999998812096234,0.5,0.012579117093425,0.987420882906574,,,,0.0,0.0,0.975,,,,,2566.0,4479.0,0.0,0.0,0.0,0.0,0.0,0.0,0.0,0.0,0.0,1.59365886487699,0.0203005577541163,124.983813232444,0.0,0.0,0.000275807277411719,0.999953080279641,0.999738608085756,0.999998812096234,,,,,,,Indel frameshift or premature stop codon (LoF),2) Assoc w R - Interim,High-level resistance,No change,,,no,,G,1
Isoniazid,katG,p.Asp163fs,katG_p.Asp163fs,1,frameshift,"(see ""Genomic_coordinates"" sheet)",0.0,0.0,0.0,0.0,2.0,0.0,20844.0,27468.0,9.59416674661805e-05,1.16191922227078e-05,0.000346530862189542,1.0,0.999865711673152,1.0,1.0,0.158113883008419,1.0,,,,,,,,,,,2974.0,5574.0,0.0,0.0,inf,0.247471899512553,inf,0.0,0.0,0.000176959943030976,1.0,0.999865711673152,1.0,3) Uncertain significance,3) Uncertain significance,ALL+WHO,3) Uncertain significance,0.0,0.0,0.0,0.0,2.0,0.0,13372.0,21313.0,0.000149543891132047,1.81109721013608e-05,0.000540098445265982,1.0,0.999826933785262,1.0,1.0,0.158113883008419,1.0,,,,,,,,,,,2421.0,4479.0,0.0,0.0,0.0,0.0,0.0,0.0,0.0,0.0,0.0,inf,0.299307766452077,inf,0.0,0.0,0.000275827900298067,1.0,0.999826933785262,1.0,,,,,,,Indel frameshift or premature stop codon (LoF),2) Assoc w R - Interim,High-level resistance,No change,,,no,,G,1
Isoniazid,katG,p.Asp240fs,katG_p.Asp240fs,1,frameshift,"(see ""Genomic_coordinates"" sheet)",1.0,0.0,0.0,0.0,0.0,1.0,20846.0,27467.0,0.0,0.0,0.00017694296670111,0.999963594000291,0.999797175631493,0.999999078280314,0.0,0.0,0.975,,,,0.0,0.0,0.975,,,,,3397.0,5574.0,0.0,0.0,0.0,0.0,51.3484236392164,0.0,0.0,0.00017694296670111,0.999963594000291,0.999797175631493,0.999999078280314,3) Uncertain significance,3) Uncertain significance,ALL+WHO,3) Uncertain significance,1.0,0.0,0.0,0.0,0.0,1.0,13374.0,21312.0,0.0,0.0,0.000275786657608973,0.999953080279641,0.999738608085756,0.999998812096234,0.0,0.0,0.975,,,,0.0,0.0,0.975,,,,,2749.0,4479.0,0.0,0.0,0.0,0.0,0.0,0.0,0.0,0.0,0.0,0.0,0.0,62.0916370035077,0.0,0.0,0.000275786657608973,0.999953080279641,0.999738608085756,0.999998812096234,,,,,,,Indel frameshift or premature stop codon (LoF),2) Assoc w R - Interim,High-level resistance,No change,,,no,,G,1
Isoniazid,katG,p.Asp329fs,katG_p.Asp329fs,1,frameshift,"(see ""Genomic_coordinates"" sheet)",0.0,0.0,0.0,0.0,1.0,0.0,20845.0,27468.0,4.79708337330902e-05,1.21451561977598e-06,0.000267247072972983,1.0,0.999865711673152,1.0,1.0,0.025,1.0,,,,,,,,,,,3068.0,5574.0,0.0,0.0,inf,0.0337859573643402,inf,0.0,0.0,0.000176951454458875,1.0,0.999865711673152,1.0,3) Uncertain significance,3) Uncertain significance,ALL+WHO,3) Uncertain significance,0.0,0.0,0.0,0.0,1.0,0.0,13373.0,21313.0,7.47719455660236e-05,1.89305996861207e-06,0.000416531419540481,1.0,0.999826933785262,1.0,1.0,0.025,1.0,,,,,,,,,,,2492.0,4479.0,0.0,0.0,0.0,0.0,0.0,0.0,0.0,0.0,0.0,inf,0.0408616897784423,inf,0.0,0.0,0.000275807277411719,1.0,0.999826933785262,1.0,,,,,,,Indel frameshift or premature stop codon (LoF),2) Assoc w R - Interim,High-level resistance,No change,,,no,,G,1
Isoniazid,katG,p.Asp381fs,katG_p.Asp381fs,1,frameshift,"(see ""Genomic_coordinates"" sheet)",2.0,1.0,1.0,0.0,1.0,0.0,20845.0,27468.0,4.79708337330902e-05,1.21451561977598e-06,0.000267247072972983,1.0,0.999865711673152,1.0,1.0,0.025,1.0,1.0,0.025,1.0,1.0,0.025,1.0,inf,0.0337859573643402,inf,0.431469139379889,746.0,5574.0,0.0,0.0,inf,0.0337859573643402,inf,4.79708337330902e-05,1.21451561977598e-06,0.000267247072972983,1.0,0.999865711673152,1.0,3) Uncertain significance,3) Uncertain significance,ALL+WHO,3) Uncertain significance,2.0,1.0,1.0,0.0,1.0,0.0,13373.0,21313.0,7.47719455660236e-05,1.89305996861207e-06,0.000416531419540481,1.0,0.999826933785262,1.0,1.0,0.025,1.0,1.0,0.025,1.0,1.0,0.025,1.0,inf,0.0408616897784423,inf,0.385562314411739,597.0,4479.0,0.0,0.0,0.0,0.0,0.0,0.0,0.0,0.0,0.0,inf,0.0408616897784423,inf,7.47719455660236e-05,1.89305996861207e-06,0.000416531419540481,1.0,0.999826933785262,1.0,,,,,,,Indel frameshift or premature stop codon (LoF),2) Assoc w R - Interim,High-level resistance,No change,,,no,,G,1
Isoniazid,katG,p.Asp513fs,katG_p.Asp513fs,1,frameshift,"(see ""Genomic_coordinates"" sheet)",0.0,0.0,0.0,0.0,1.0,0.0,20845.0,27468.0,4.79708337330902e-05,1.21451561977598e-06,0.000267247072972983,1.0,0.999865711673152,1.0,1.0,0.025,1.0,,,,,,,,,,,3203.0,5574.0,0.0,0.0,inf,0.0337859573643402,inf,0.0,0.0,0.000176951454458875,1.0,0.999865711673152,1.0,3) Uncertain significance,3) Uncertain significance,ALL+WHO,3) Uncertain significance,0.0,0.0,0.0,0.0,1.0,0.0,13373.0,21313.0,7.47719455660236e-05,1.89305996861207e-06,0.000416531419540481,1.0,0.999826933785262,1.0,1.0,0.025,1.0,,,,,,,,,,,2593.0,4479.0,0.0,0.0,0.0,0.0,0.0,0.0,0.0,0.0,0.0,inf,0.0408616897784423,inf,0.0,0.0,0.000275807277411719,1.0,0.999826933785262,1.0,,,,,,,Indel frameshift or premature stop codon (LoF),2) Assoc w R - Interim,High-level resistance,No change,,,no,,G,1
Isoniazid,katG,p.Asp56fs,katG_p.Asp56fs,1,frameshift,"(see ""Genomic_coordinates"" sheet)",1.0,0.0,0.0,0.0,0.0,1.0,20846.0,27467.0,0.0,0.0,0.00017694296670111,0.999963594000291,0.999797175631493,0.999999078280314,0.0,0.0,0.975,,,,0.0,0.0,0.975,,,,,3262.0,5574.0,0.0,0.0,0.0,0.0,51.3484236392164,0.0,0.0,0.00017694296670111,0.999963594000291,0.999797175631493,0.999999078280314,3) Uncertain significance,3) Uncertain significance,ALL+WHO,3) Uncertain significance,1.0,0.0,0.0,0.0,0.0,1.0,13374.0,21312.0,0.0,0.0,0.000275786657608973,0.999953080279641,0.999738608085756,0.999998812096234,0.0,0.0,0.975,,,,0.0,0.0,0.975,,,,,2638.0,4479.0,0.0,0.0,0.0,0.0,0.0,0.0,0.0,0.0,0.0,0.0,0.0,62.0916370035077,0.0,0.0,0.000275786657608973,0.999953080279641,0.999738608085756,0.999998812096234,,,,,,,Indel frameshift or premature stop codon (LoF),2) Assoc w R - Interim,High-level resistance,No change,,,no,,G,1
Isoniazid,katG,p.Asp656fs,katG_p.Asp656fs,1,frameshift,"(see ""Genomic_coordinates"" sheet)",1.0,0.0,0.0,0.0,0.0,1.0,20846.0,27467.0,0.0,0.0,0.00017694296670111,0.999963594000291,0.999797175631493,0.999999078280314,0.0,0.0,0.975,,,,0.0,0.0,0.975,,,,,2946.0,5574.0,0.0,0.0,0.0,0.0,51.3484236392164,0.0,0.0,0.00017694296670111,0.999963594000291,0.999797175631493,0.999999078280314,3) Uncertain significance,3) Uncertain significance,ALL+WHO,3) Uncertain significance,,,,,,,,,,,,,,,,,,,,,,,,,,,,,,,,0.0,0.0,0.0,0.0,0.0,0.0,0.0,,,,,,,,,,,,,,,,Indel frameshift or premature stop codon (LoF),2) Assoc w R - Interim,High-level resistance,No change,,,no,,G,1
Isoniazid,katG,p.Asp695fs,katG_p.Asp695fs,1,frameshift,"(see ""Genomic_coordinates"" sheet)",1.0,1.0,1.0,0.0,1.0,0.0,20845.0,27468.0,4.79708337330902e-05,1.21451561977598e-06,0.000267247072972983,1.0,0.999865711673152,1.0,1.0,0.025,1.0,1.0,0.025,1.0,1.0,0.025,1.0,inf,0.0337859573643402,inf,0.431469139379889,746.0,5574.0,0.0,0.0,inf,0.0337859573643402,inf,4.79708337330902e-05,1.21451561977598e-06,0.000267247072972983,1.0,0.999865711673152,1.0,3) Uncertain significance,3) Uncertain significance,ALL+WHO,3) Uncertain significance,,,,,,,,,,,,,,,,,,,,,,,,,,,,,,,,0.0,0.0,0.0,0.0,0.0,0.0,0.0,,,,,,,,,,,,,,,,Indel frameshift or premature stop codon (LoF),2) Assoc w R - Interim,High-level resistance,No change,,,no,,G,1
Isoniazid,katG,p.Asp729fs,katG_p.Asp729fs,1,frameshift,"(see ""Genomic_coordinates"" sheet)",1.0,1.0,1.0,0.0,1.0,0.0,20845.0,27468.0,4.79708337330902e-05,1.21451561977598e-06,0.000267247072972983,1.0,0.999865711673152,1.0,1.0,0.025,1.0,1.0,0.025,1.0,1.0,0.025,1.0,inf,0.0337859573643402,inf,0.431469139379889,746.0,5574.0,0.0,0.0,inf,0.0337859573643402,inf,4.79708337330902e-05,1.21451561977598e-06,0.000267247072972983,1.0,0.999865711673152,1.0,3) Uncertain significance,3) Uncertain significance,ALL+WHO,3) Uncertain significance,,,,,,,,,,,,,,,,,,,,,,,,,,,,,,,,0.0,0.0,0.0,0.0,0.0,0.0,0.0,,,,,,,,,,,,,,,,Indel frameshift or premature stop codon (LoF),2) Assoc w R - Interim,High-level resistance,No change,,,no,,G,1
Isoniazid,katG,p.Cys171*,katG_p.Cys171*,1,stop_gained,"(see ""Genomic_coordinates"" sheet)",1.0,0.0,0.0,0.0,0.0,1.0,20846.0,27467.0,0.0,0.0,0.00017694296670111,0.999963594000291,0.999797175631493,0.999999078280314,0.0,0.0,0.975,,,,0.0,0.0,0.975,,,,,3167.0,5574.0,0.0,0.0,0.0,0.0,51.3484236392164,0.0,0.0,0.00017694296670111,0.999963594000291,0.999797175631493,0.999999078280314,3) Uncertain significance,3) Uncertain significance,ALL+WHO,3) Uncertain significance,1.0,0.0,0.0,0.0,0.0,1.0,13374.0,21312.0,0.0,0.0,0.000275786657608973,0.999953080279641,0.999738608085756,0.999998812096234,0.0,0.0,0.975,,,,0.0,0.0,0.975,,,,,2570.0,4479.0,0.0,0.0,0.0,0.0,0.0,0.0,0.0,0.0,0.0,0.0,0.0,62.0916370035077,0.0,0.0,0.000275786657608973,0.999953080279641,0.999738608085756,0.999998812096234,,,,,,,Indel frameshift or premature stop codon (LoF),2) Assoc w R - Interim,High-level resistance,No change,,,no,,G,1
Isoniazid,katG,p.Cys20fs,katG_p.Cys20fs,1,frameshift,"(see ""Genomic_coordinates"" sheet)",0.0,0.0,0.0,0.0,2.0,0.0,20844.0,27468.0,9.59416674661805e-05,1.16191922227078e-05,0.000346530862189542,1.0,0.999865711673152,1.0,1.0,0.158113883008419,1.0,,,,,,,,,,,2947.0,5574.0,0.0,0.0,inf,0.247471899512553,inf,0.0,0.0,0.000176959943030976,1.0,0.999865711673152,1.0,3) Uncertain significance,3) Uncertain significance,ALL+WHO,3) Uncertain significance,0.0,0.0,0.0,0.0,2.0,0.0,13372.0,21313.0,0.000149543891132047,1.81109721013608e-05,0.000540098445265982,1.0,0.999826933785262,1.0,1.0,0.158113883008419,1.0,,,,,,,,,,,2398.0,4479.0,0.0,0.0,0.0,0.0,0.0,0.0,0.0,0.0,0.0,inf,0.299307766452077,inf,0.0,0.0,0.000275827900298067,1.0,0.999826933785262,1.0,,,,,,,Indel frameshift or premature stop codon (LoF),2) Assoc w R - Interim,High-level resistance,No change,,,no,,G,1
Isoniazid,katG,p.Gln352*,katG_p.Gln352*,1,stop_gained,"(see ""Genomic_coordinates"" sheet)",1.0,1.0,1.0,0.0,2.0,0.0,20844.0,27468.0,9.59416674661805e-05,1.16191922227078e-05,0.000346530862189542,1.0,0.999865711673152,1.0,1.0,0.158113883008419,1.0,1.0,0.025,1.0,1.0,0.025,1.0,inf,0.0337875782094303,inf,0.431457371721896,645.0,5574.0,0.0,0.0,inf,0.247471899512553,inf,4.79731350443751e-05,1.21457388386244e-06,0.000267259892247036,1.0,0.999865711673152,1.0,3) Uncertain significance,3) Uncertain significance,ALL+WHO,3) Uncertain significance,1.0,1.0,1.0,0.0,2.0,0.0,13372.0,21313.0,0.000149543891132047,1.81109721013608e-05,0.000540098445265982,1.0,0.999826933785262,1.0,1.0,0.158113883008419,1.0,1.0,0.025,1.0,1.0,0.025,1.0,inf,0.040864745349235,inf,0.385544600126852,512.0,4479.0,0.0,0.0,0.0,0.0,0.0,0.0,0.0,0.0,0.0,inf,0.299307766452077,inf,7.47775368279368e-05,1.89320152683959e-06,0.000416562561410248,1.0,0.999826933785262,1.0,,,,Assoc w RI,,,Indel frameshift or premature stop codon (LoF),2) Assoc w R - Interim,High-level resistance,No change,,,no,,G,1
Isoniazid,katG,p.Gln525fs,katG_p.Gln525fs,1,frameshift,"(see ""Genomic_coordinates"" sheet)",0.0,0.0,0.0,0.0,2.0,0.0,20844.0,27468.0,9.59416674661805e-05,1.16191922227078e-05,0.000346530862189542,1.0,0.999865711673152,1.0,1.0,0.158113883008419,1.0,,,,,,,,,,,2989.0,5574.0,0.0,0.0,inf,0.247471899512553,inf,0.0,0.0,0.000176959943030976,1.0,0.999865711673152,1.0,3) Uncertain significance,3) Uncertain significance,ALL+WHO,3) Uncertain significance,,,,,,,,,,,,,,,,,,,,,,,,,,,,,,,,0.0,0.0,0.0,0.0,0.0,0.0,0.0,,,,,,,,,,,,,,,,Indel frameshift or premature stop codon (LoF),2) Assoc w R - Interim,High-level resistance,No change,,,no,,G,1
Isoniazid,katG,p.Gln578fs,katG_p.Gln578fs,1,frameshift,"(see ""Genomic_coordinates"" sheet)",2.0,1.0,1.0,0.0,1.0,0.0,20845.0,27468.0,4.79708337330902e-05,1.21451561977598e-06,0.000267247072972983,1.0,0.999865711673152,1.0,1.0,0.025,1.0,1.0,0.025,1.0,1.0,0.025,1.0,inf,0.0337859573643402,inf,0.431469139379889,746.0,5574.0,0.0,0.0,inf,0.0337859573643402,inf,4.79708337330902e-05,1.21451561977598e-06,0.000267247072972983,1.0,0.999865711673152,1.0,3) Uncertain significance,3) Uncertain significance,ALL+WHO,3) Uncertain significance,2.0,1.0,1.0,0.0,1.0,0.0,13373.0,21313.0,7.47719455660236e-05,1.89305996861207e-06,0.000416531419540481,1.0,0.999826933785262,1.0,1.0,0.025,1.0,1.0,0.025,1.0,1.0,0.025,1.0,inf,0.0408616897784423,inf,0.385562314411739,597.0,4479.0,0.0,0.0,0.0,0.0,0.0,0.0,0.0,0.0,0.0,inf,0.0408616897784423,inf,7.47719455660236e-05,1.89305996861207e-06,0.000416531419540481,1.0,0.999826933785262,1.0,,,,,,,Indel frameshift or premature stop codon (LoF),2) Assoc w R - Interim,High-level resistance,No change,,,no,,G,1
Isoniazid,katG,p.Gln88*,katG_p.Gln88*,1,stop_gained,"(see ""Genomic_coordinates"" sheet)",0.0,0.0,0.0,0.0,1.0,0.0,20845.0,27468.0,4.79708337330902e-05,1.21451561977598e-06,0.000267247072972983,1.0,0.999865711673152,1.0,1.0,0.025,1.0,,,,,,,,,,,3325.0,5574.0,0.0,0.0,inf,0.0337859573643402,inf,0.0,0.0,0.000176951454458875,1.0,0.999865711673152,1.0,3) Uncertain significance,3) Uncertain significance,ALL+WHO,3) Uncertain significance,0.0,0.0,0.0,0.0,1.0,0.0,13373.0,21313.0,7.47719455660236e-05,1.89305996861207e-06,0.000416531419540481,1.0,0.999826933785262,1.0,1.0,0.025,1.0,,,,,,,,,,,2690.0,4479.0,0.0,0.0,0.0,0.0,0.0,0.0,0.0,0.0,0.0,inf,0.0408616897784423,inf,0.0,0.0,0.000275807277411719,1.0,0.999826933785262,1.0,,,,Assoc w RI,,,Indel frameshift or premature stop codon (LoF),2) Assoc w R - Interim,High-level resistance,No change,,,no,,G,1
Isoniazid,katG,p.Glu10fs,katG_p.Glu10fs,1,frameshift,"(see ""Genomic_coordinates"" sheet)",0.0,0.0,0.0,0.0,1.0,0.0,20845.0,27468.0,4.79708337330902e-05,1.21451561977598e-06,0.000267247072972983,1.0,0.999865711673152,1.0,1.0,0.025,1.0,,,,,,,,,,,2990.0,5574.0,0.0,0.0,inf,0.0337859573643402,inf,0.0,0.0,0.000176951454458875,1.0,0.999865711673152,1.0,3) Uncertain significance,3) Uncertain significance,ALL+WHO,3) Uncertain significance,0.0,0.0,0.0,0.0,1.0,0.0,13373.0,21313.0,7.47719455660236e-05,1.89305996861207e-06,0.000416531419540481,1.0,0.999826933785262,1.0,1.0,0.025,1.0,,,,,,,,,,,2434.0,4479.0,0.0,0.0,0.0,0.0,0.0,0.0,0.0,0.0,0.0,inf,0.0408616897784423,inf,0.0,0.0,0.000275807277411719,1.0,0.999826933785262,1.0,,,,,,,Indel frameshift or premature stop codon (LoF),2) Assoc w R - Interim,High-level resistance,No change,,,no,,G,1
Isoniazid,katG,p.Glu208fs,katG_p.Glu208fs,1,frameshift,"(see ""Genomic_coordinates"" sheet)",0.0,0.0,0.0,0.0,1.0,0.0,20845.0,27468.0,4.79708337330902e-05,1.21451561977598e-06,0.000267247072972983,1.0,0.999865711673152,1.0,1.0,0.025,1.0,,,,,,,,,,,3326.0,5574.0,0.0,0.0,inf,0.0337859573643402,inf,0.0,0.0,0.000176951454458875,1.0,0.999865711673152,1.0,3) Uncertain significance,3) Uncertain significance,ALL+WHO,3) Uncertain significance,0.0,0.0,0.0,0.0,1.0,0.0,13373.0,21313.0,7.47719455660236e-05,1.89305996861207e-06,0.000416531419540481,1.0,0.999826933785262,1.0,1.0,0.025,1.0,,,,,,,,,,,2691.0,4479.0,0.0,0.0,0.0,0.0,0.0,0.0,0.0,0.0,0.0,inf,0.0408616897784423,inf,0.0,0.0,0.000275807277411719,1.0,0.999826933785262,1.0,,,,,,,Indel frameshift or premature stop codon (LoF),2) Assoc w R - Interim,High-level resistance,No change,,,no,,G,1
Isoniazid,katG,p.Glu342fs,katG_p.Glu342fs,1,frameshift,"(see ""Genomic_coordinates"" sheet)",0.0,0.0,0.0,0.0,2.0,0.0,20844.0,27468.0,9.59416674661805e-05,1.16191922227078e-05,0.000346530862189542,1.0,0.999865711673152,1.0,1.0,0.158113883008419,1.0,,,,,,,,,,,3131.0,5574.0,0.0,0.0,inf,0.247471899512553,inf,0.0,0.0,0.000176959943030976,1.0,0.999865711673152,1.0,3) Uncertain significance,3) Uncertain significance,ALL+WHO,3) Uncertain significance,0.0,0.0,0.0,0.0,2.0,0.0,13372.0,21313.0,0.000149543891132047,1.81109721013608e-05,0.000540098445265982,1.0,0.999826933785262,1.0,1.0,0.158113883008419,1.0,,,,,,,,,,,2540.0,4479.0,0.0,0.0,0.0,0.0,0.0,0.0,0.0,0.0,0.0,inf,0.299307766452077,inf,0.0,0.0,0.000275827900298067,1.0,0.999826933785262,1.0,,,,,,,Indel frameshift or premature stop codon (LoF),2) Assoc w R - Interim,High-level resistance,No change,,,no,,G,1
Isoniazid,katG,p.Glu3fs,katG_p.Glu3fs,1,frameshift,"(see ""Genomic_coordinates"" sheet)",0.0,0.0,0.0,0.0,2.0,1.0,20844.0,27467.0,9.59416674661805e-05,1.16191922227078e-05,0.000346530862189542,0.999963594000291,0.999797175631493,0.999999078280314,0.666666666666666,0.0942993240502461,0.991596241340387,,,,0.0,0.0,0.975,,,,,3279.0,5574.0,0.0,0.0,2.63548263289195,0.137183409715989,155.34952410964,0.0,0.0,0.000176959943030976,0.999963594000291,0.999797175631493,0.999999078280314,3) Uncertain significance,3) Uncertain significance,ALL+WHO,3) Uncertain significance,0.0,0.0,0.0,0.0,2.0,1.0,13372.0,21312.0,0.000149543891132047,1.81109721013608e-05,0.000540098445265982,0.999953080279641,0.999738608085756,0.999998812096234,0.666666666666666,0.0942993240502461,0.991596241340387,,,,0.0,0.0,0.975,,,,,2651.0,4479.0,0.0,0.0,0.0,0.0,0.0,0.0,0.0,0.0,0.0,3.18755608734669,0.165916091907768,187.852707212672,0.0,0.0,0.000275827900298067,0.999953080279641,0.999738608085756,0.999998812096234,,,,,,,Indel frameshift or premature stop codon (LoF),2) Assoc w R - Interim,High-level resistance,No change,,,no,,G,1
Isoniazid,katG,p.Glu582fs,katG_p.Glu582fs,1,frameshift,"(see ""Genomic_coordinates"" sheet)",2.0,1.0,1.0,0.0,1.0,0.0,20845.0,27468.0,4.79708337330902e-05,1.21451561977598e-06,0.000267247072972983,1.0,0.999865711673152,1.0,1.0,0.025,1.0,1.0,0.025,1.0,1.0,0.025,1.0,inf,0.0337859573643402,inf,0.431469139379889,746.0,5574.0,0.0,0.0,inf,0.0337859573643402,inf,4.79708337330902e-05,1.21451561977598e-06,0.000267247072972983,1.0,0.999865711673152,1.0,3) Uncertain significance,3) Uncertain significance,ALL+WHO,3) Uncertain significance,2.0,1.0,1.0,0.0,1.0,0.0,13373.0,21313.0,7.47719455660236e-05,1.89305996861207e-06,0.000416531419540481,1.0,0.999826933785262,1.0,1.0,0.025,1.0,1.0,0.025,1.0,1.0,0.025,1.0,inf,0.0408616897784423,inf,0.385562314411739,597.0,4479.0,0.0,0.0,0.0,0.0,0.0,0.0,0.0,0.0,0.0,inf,0.0408616897784423,inf,7.47719455660236e-05,1.89305996861207e-06,0.000416531419540481,1.0,0.999826933785262,1.0,,,,,,,Indel frameshift or premature stop codon (LoF),2) Assoc w R - Interim,High-level resistance,No change,,,no,,G,1
Isoniazid,katG,p.Glu588*,katG_p.Glu588*,1,stop_gained,"(see ""Genomic_coordinates"" sheet)",0.0,0.0,0.0,0.0,1.0,0.0,20845.0,27468.0,4.79708337330902e-05,1.21451561977598e-06,0.000267247072972983,1.0,0.999865711673152,1.0,1.0,0.025,1.0,,,,,,,,,,,3070.0,5574.0,0.0,0.0,inf,0.0337859573643402,inf,0.0,0.0,0.000176951454458875,1.0,0.999865711673152,1.0,3) Uncertain significance,3) Uncertain significance,ALL+WHO,3) Uncertain significance,,,,,,,,,,,,,,,,,,,,,,,,,,,,,,,,0.0,0.0,0.0,0.0,0.0,0.0,0.0,,,,,,,,,,,,,Assoc w RI,,,Indel frameshift or premature stop codon (LoF),2) Assoc w R - Interim,High-level resistance,No change,,,no,,G,1
Isoniazid,katG,p.Glu607*,katG_p.Glu607*,1,stop_gained,"(see ""Genomic_coordinates"" sheet)",0.0,0.0,0.0,0.0,1.0,0.0,20845.0,27468.0,4.79708337330902e-05,1.21451561977598e-06,0.000267247072972983,1.0,0.999865711673152,1.0,1.0,0.025,1.0,,,,,,,,,,,2991.0,5574.0,0.0,0.0,inf,0.0337859573643402,inf,0.0,0.0,0.000176951454458875,1.0,0.999865711673152,1.0,3) Uncertain significance,3) Uncertain significance,ALL+WHO,3) Uncertain significance,0.0,0.0,0.0,0.0,1.0,0.0,13373.0,21313.0,7.47719455660236e-05,1.89305996861207e-06,0.000416531419540481,1.0,0.999826933785262,1.0,1.0,0.025,1.0,,,,,,,,,,,2435.0,4479.0,0.0,0.0,0.0,0.0,0.0,0.0,0.0,0.0,0.0,inf,0.0408616897784423,inf,0.0,0.0,0.000275807277411719,1.0,0.999826933785262,1.0,,,,,,,Indel frameshift or premature stop codon (LoF),2) Assoc w R - Interim,High-level resistance,No change,,,no,,G,1
Isoniazid,katG,p.Glu623fs,katG_p.Glu623fs,1,frameshift,"(see ""Genomic_coordinates"" sheet)",0.0,0.0,0.0,0.0,2.0,0.0,20844.0,27468.0,9.59416674661805e-05,1.16191922227078e-05,0.000346530862189542,1.0,0.999865711673152,1.0,1.0,0.158113883008419,1.0,,,,,,,,,,,3405.0,5574.0,0.0,0.0,inf,0.247471899512553,inf,0.0,0.0,0.000176959943030976,1.0,0.999865711673152,1.0,3) Uncertain significance,3) Uncertain significance,ALL+WHO,3) Uncertain significance,0.0,0.0,0.0,0.0,2.0,0.0,13372.0,21313.0,0.000149543891132047,1.81109721013608e-05,0.000540098445265982,1.0,0.999826933785262,1.0,1.0,0.158113883008419,1.0,,,,,,,,,,,2756.0,4479.0,0.0,0.0,0.0,0.0,0.0,0.0,0.0,0.0,0.0,inf,0.299307766452077,inf,0.0,0.0,0.000275827900298067,1.0,0.999826933785262,1.0,,,,,,,Indel frameshift or premature stop codon (LoF),2) Assoc w R - Interim,High-level resistance,No change,,,no,,G,1
Isoniazid,katG,p.Glu648fs,katG_p.Glu648fs,1,frameshift,"(see ""Genomic_coordinates"" sheet)",1.0,0.0,0.0,0.0,0.0,1.0,20846.0,27467.0,0.0,0.0,0.00017694296670111,0.999963594000291,0.999797175631493,0.999999078280314,0.0,0.0,0.975,,,,0.0,0.0,0.975,,,,,3033.0,5574.0,0.0,0.0,0.0,0.0,51.3484236392164,0.0,0.0,0.00017694296670111,0.999963594000291,0.999797175631493,0.999999078280314,3) Uncertain significance,3) Uncertain significance,ALL+WHO,3) Uncertain significance,1.0,0.0,0.0,0.0,0.0,1.0,13374.0,21312.0,0.0,0.0,0.000275786657608973,0.999953080279641,0.999738608085756,0.999998812096234,0.0,0.0,0.975,,,,0.0,0.0,0.975,,,,,2467.0,4479.0,0.0,0.0,0.0,0.0,0.0,0.0,0.0,0.0,0.0,0.0,0.0,62.0916370035077,0.0,0.0,0.000275786657608973,0.999953080279641,0.999738608085756,0.999998812096234,,,,,,,Indel frameshift or premature stop codon (LoF),2) Assoc w R - Interim,High-level resistance,No change,,,no,,G,1
Isoniazid,katG,p.Glu651fs,katG_p.Glu651fs,1,frameshift,"(see ""Genomic_coordinates"" sheet)",1.0,0.0,0.0,0.0,0.0,1.0,20846.0,27467.0,0.0,0.0,0.00017694296670111,0.999963594000291,0.999797175631493,0.999999078280314,0.0,0.0,0.975,,,,0.0,0.0,0.975,,,,,3116.0,5574.0,0.0,0.0,0.0,0.0,51.3484236392164,0.0,0.0,0.00017694296670111,0.999963594000291,0.999797175631493,0.999999078280314,3) Uncertain significance,3) Uncertain significance,ALL+WHO,3) Uncertain significance,1.0,0.0,0.0,0.0,0.0,1.0,13374.0,21312.0,0.0,0.0,0.000275786657608973,0.999953080279641,0.999738608085756,0.999998812096234,0.0,0.0,0.975,,,,0.0,0.0,0.975,,,,,2530.0,4479.0,0.0,0.0,0.0,0.0,0.0,0.0,0.0,0.0,0.0,0.0,0.0,62.0916370035077,0.0,0.0,0.000275786657608973,0.999953080279641,0.999738608085756,0.999998812096234,,,,,,,Indel frameshift or premature stop codon (LoF),2) Assoc w R - Interim,High-level resistance,No change,,,no,,G,1
Isoniazid,katG,p.Glu669fs,katG_p.Glu669fs,1,frameshift,"(see ""Genomic_coordinates"" sheet)",1.0,3.0,3.0,0.0,3.0,0.0,20843.0,27468.0,0.00014391250119927,2.96792008899536e-05,0.000420515224128061,1.0,0.999865711673152,1.0,1.0,0.292401773821286,1.0,1.0,0.292401773821286,1.0,1.0,0.292401773821286,1.0,inf,0.544526627735454,inf,0.0803181469117723,287.0,5574.0,0.0,0.0,inf,0.544526627735454,inf,0.00014391250119927,2.96792008899536e-05,0.000420515224128061,1.0,0.999865711673152,1.0,3) Uncertain significance,3) Uncertain significance,ALL+WHO,3) Uncertain significance,1.0,3.0,3.0,0.0,3.0,0.0,13371.0,21313.0,0.00022431583669807,4.6261707448018e-05,0.000655404732399905,1.0,0.999826933785262,1.0,1.0,0.292401773821286,1.0,1.0,0.292401773821286,1.0,1.0,0.292401773821286,1.0,inf,0.65857349539183,inf,0.0573091375107495,145.0,4479.0,0.0,0.0,0.0,0.0,0.0,0.0,0.0,0.0,0.0,inf,0.65857349539183,inf,0.00022431583669807,4.6261707448018e-05,0.000655404732399905,1.0,0.999826933785262,1.0,,,,,,,Indel frameshift or premature stop codon (LoF),2) Assoc w R - Interim,High-level resistance,No change,AwRI by relaxed thresholds (not endorsed),,no,,"G, O",1
Isoniazid,katG,p.Gly124fs,katG_p.Gly124fs,1,frameshift,"(see ""Genomic_coordinates"" sheet)",1.0,4.0,4.0,0.0,8.0,0.0,20838.0,27468.0,0.000383766669864722,0.000165697303700768,0.000756032532322191,1.0,0.999865711673152,1.0,1.0,0.63058335244718,1.0,1.0,0.397635364383525,1.0,1.0,0.397635364383525,1.0,inf,0.870045268878141,inf,0.0346368448496275,178.0,5574.0,0.0,0.0,inf,2.24970730189478,inf,0.000191920161212935,5.22941809687646e-05,0.000491318262637833,1.0,0.999865711673152,1.0,3) Uncertain significance,3) Uncertain significance,ALL+WHO,3) Uncertain significance,1.0,2.0,2.0,0.0,6.0,0.0,13368.0,21313.0,0.000448631673396141,0.000164657143425453,0.000976224581517196,1.0,0.999826933785262,1.0,1.0,0.540741873560099,1.0,1.0,0.158113883008419,1.0,1.0,0.158113883008419,1.0,inf,0.299397365529957,inf,0.148596828623885,198.5,4479.0,0.0,0.0,0.0,0.0,0.0,0.0,0.0,0.0,0.0,inf,1.87681913692541,inf,0.000149588631264023,1.8116390645981e-05,0.00054025999886845,1.0,0.999826933785262,1.0,,,,,,,Indel frameshift or premature stop codon (LoF),2) Assoc w R - Interim,High-level resistance,No change,AwRI by relaxed thresholds (not endorsed),,no,,"G, O",1
Isoniazid,katG,p.Gly212fs,katG_p.Gly212fs,1,frameshift,"(see ""Genomic_coordinates"" sheet)",1.0,1.0,1.0,0.0,2.0,0.0,20844.0,27468.0,9.59416674661805e-05,1.16191922227078e-05,0.000346530862189542,1.0,0.999865711673152,1.0,1.0,0.158113883008419,1.0,1.0,0.025,1.0,1.0,0.025,1.0,inf,0.0337875782094303,inf,0.431457371721896,645.0,5574.0,0.0,0.0,inf,0.247471899512553,inf,4.79731350443751e-05,1.21457388386244e-06,0.000267259892247036,1.0,0.999865711673152,1.0,3) Uncertain significance,3) Uncertain significance,ALL+WHO,3) Uncertain significance,0.0,0.0,0.0,0.0,1.0,0.0,13373.0,21313.0,7.47719455660236e-05,1.89305996861207e-06,0.000416531419540481,1.0,0.999826933785262,1.0,1.0,0.025,1.0,,,,,,,,,,,2693.0,4479.0,0.0,0.0,0.0,0.0,0.0,0.0,0.0,0.0,0.0,inf,0.0408616897784423,inf,0.0,0.0,0.000275807277411719,1.0,0.999826933785262,1.0,,,,,,,Indel frameshift or premature stop codon (LoF),2) Assoc w R - Interim,High-level resistance,No change,,,no,,G,1
Isoniazid,katG,p.Gly268fs,katG_p.Gly268fs,1,frameshift,"(see ""Genomic_coordinates"" sheet)",2.0,1.0,1.0,0.0,1.0,0.0,20845.0,27468.0,4.79708337330902e-05,1.21451561977598e-06,0.000267247072972983,1.0,0.999865711673152,1.0,1.0,0.025,1.0,1.0,0.025,1.0,1.0,0.025,1.0,inf,0.0337859573643402,inf,0.431469139379889,746.0,5574.0,0.0,0.0,inf,0.0337859573643402,inf,4.79708337330902e-05,1.21451561977598e-06,0.000267247072972983,1.0,0.999865711673152,1.0,3) Uncertain significance,3) Uncertain significance,ALL+WHO,3) Uncertain significance,2.0,1.0,1.0,0.0,1.0,0.0,13373.0,21313.0,7.47719455660236e-05,1.89305996861207e-06,0.000416531419540481,1.0,0.999826933785262,1.0,1.0,0.025,1.0,1.0,0.025,1.0,1.0,0.025,1.0,inf,0.0408616897784423,inf,0.385562314411739,597.0,4479.0,0.0,0.0,0.0,0.0,0.0,0.0,0.0,0.0,0.0,inf,0.0408616897784423,inf,7.47719455660236e-05,1.89305996861207e-06,0.000416531419540481,1.0,0.999826933785262,1.0,,,,,,,Indel frameshift or premature stop codon (LoF),2) Assoc w R - Interim,High-level resistance,No change,,,no,,G,1
Isoniazid,katG,p.Gly279fs,katG_p.Gly279fs,1,frameshift,"(see ""Genomic_coordinates"" sheet)",0.0,0.0,0.0,0.0,1.0,0.0,20845.0,27468.0,4.79708337330902e-05,1.21451561977598e-06,0.000267247072972983,1.0,0.999865711673152,1.0,1.0,0.025,1.0,,,,,,,,,,,3228.0,5574.0,0.0,0.0,inf,0.0337859573643402,inf,0.0,0.0,0.000176951454458875,1.0,0.999865711673152,1.0,3) Uncertain significance,3) Uncertain significance,ALL+WHO,3) Uncertain significance,0.0,0.0,0.0,0.0,1.0,0.0,13373.0,21313.0,7.47719455660236e-05,1.89305996861207e-06,0.000416531419540481,1.0,0.999826933785262,1.0,1.0,0.025,1.0,,,,,,,,,,,2614.0,4479.0,0.0,0.0,0.0,0.0,0.0,0.0,0.0,0.0,0.0,inf,0.0408616897784423,inf,0.0,0.0,0.000275807277411719,1.0,0.999826933785262,1.0,,,,,,,Indel frameshift or premature stop codon (LoF),2) Assoc w R - Interim,High-level resistance,No change,,,no,,G,1
Isoniazid,katG,p.Gly34fs,katG_p.Gly34fs,1,frameshift,"(see ""Genomic_coordinates"" sheet)",0.0,0.0,0.0,0.0,1.0,0.0,20845.0,27468.0,4.79708337330902e-05,1.21451561977598e-06,0.000267247072972983,1.0,0.999865711673152,1.0,1.0,0.025,1.0,,,,,,,,,,,3071.0,5574.0,0.0,0.0,inf,0.0337859573643402,inf,0.0,0.0,0.000176951454458875,1.0,0.999865711673152,1.0,3) Uncertain significance,3) Uncertain significance,ALL+WHO,3) Uncertain significance,0.0,0.0,0.0,0.0,1.0,0.0,13373.0,21313.0,7.47719455660236e-05,1.89305996861207e-06,0.000416531419540481,1.0,0.999826933785262,1.0,1.0,0.025,1.0,,,,,,,,,,,2494.0,4479.0,0.0,0.0,0.0,0.0,0.0,0.0,0.0,0.0,0.0,inf,0.0408616897784423,inf,0.0,0.0,0.000275807277411719,1.0,0.999826933785262,1.0,,,,,,,Indel frameshift or premature stop codon (LoF),2) Assoc w R - Interim,High-level resistance,No change,,,no,,G,1
Isoniazid,katG,p.Gly358fs,katG_p.Gly358fs,1,frameshift,"(see ""Genomic_coordinates"" sheet)",0.0,0.0,0.0,0.0,1.0,0.0,20845.0,27468.0,4.79708337330902e-05,1.21451561977598e-06,0.000267247072972983,1.0,0.999865711673152,1.0,1.0,0.025,1.0,,,,,,,,,,,3100.0,5574.0,0.0,0.0,inf,0.0337859573643402,inf,0.0,0.0,0.000176951454458875,1.0,0.999865711673152,1.0,3) Uncertain significance,3) Uncertain significance,ALL+WHO,3) Uncertain significance,0.0,0.0,0.0,0.0,1.0,0.0,13373.0,21313.0,7.47719455660236e-05,1.89305996861207e-06,0.000416531419540481,1.0,0.999826933785262,1.0,1.0,0.025,1.0,,,,,,,,,,,2518.0,4479.0,0.0,0.0,0.0,0.0,0.0,0.0,0.0,0.0,0.0,inf,0.0408616897784423,inf,0.0,0.0,0.000275807277411719,1.0,0.999826933785262,1.0,,,,,,,Indel frameshift or premature stop codon (LoF),2) Assoc w R - Interim,High-level resistance,No change,,,no,,G,1
Isoniazid,katG,p.Gly369fs,katG_p.Gly369fs,1,frameshift,"(see ""Genomic_coordinates"" sheet)",1.0,1.0,1.0,0.0,1.0,0.0,20845.0,27468.0,4.79708337330902e-05,1.21451561977598e-06,0.000267247072972983,1.0,0.999865711673152,1.0,1.0,0.025,1.0,1.0,0.025,1.0,1.0,0.025,1.0,inf,0.0337859573643402,inf,0.431469139379889,746.0,5574.0,0.0,0.0,inf,0.0337859573643402,inf,4.79708337330902e-05,1.21451561977598e-06,0.000267247072972983,1.0,0.999865711673152,1.0,3) Uncertain significance,3) Uncertain significance,ALL+WHO,3) Uncertain significance,1.0,1.0,1.0,0.0,1.0,0.0,13373.0,21313.0,7.47719455660236e-05,1.89305996861207e-06,0.000416531419540481,1.0,0.999826933785262,1.0,1.0,0.025,1.0,1.0,0.025,1.0,1.0,0.025,1.0,inf,0.0408616897784423,inf,0.385562314411739,597.0,4479.0,0.0,0.0,0.0,0.0,0.0,0.0,0.0,0.0,0.0,inf,0.0408616897784423,inf,7.47719455660236e-05,1.89305996861207e-06,0.000416531419540481,1.0,0.999826933785262,1.0,,,,,,,Indel frameshift or premature stop codon (LoF),2) Assoc w R - Interim,High-level resistance,No change,,,no,,G,1
Isoniazid,katG,p.Gly601fs,katG_p.Gly601fs,1,frameshift,"(see ""Genomic_coordinates"" sheet)",0.0,0.0,0.0,0.0,1.0,0.0,20845.0,27468.0,4.79708337330902e-05,1.21451561977598e-06,0.000267247072972983,1.0,0.999865711673152,1.0,1.0,0.025,1.0,,,,,,,,,,,3210.0,5574.0,0.0,0.0,inf,0.0337859573643402,inf,0.0,0.0,0.000176951454458875,1.0,0.999865711673152,1.0,3) Uncertain significance,3) Uncertain significance,ALL+WHO,3) Uncertain significance,0.0,0.0,0.0,0.0,1.0,0.0,13373.0,21313.0,7.47719455660236e-05,1.89305996861207e-06,0.000416531419540481,1.0,0.999826933785262,1.0,1.0,0.025,1.0,,,,,,,,,,,2599.0,4479.0,0.0,0.0,0.0,0.0,0.0,0.0,0.0,0.0,0.0,inf,0.0408616897784423,inf,0.0,0.0,0.000275807277411719,1.0,0.999826933785262,1.0,,,,,,,Indel frameshift or premature stop codon (LoF),2) Assoc w R - Interim,High-level resistance,No change,,,no,,G,1
Isoniazid,katG,p.His25fs,katG_p.His25fs,1,frameshift,"(see ""Genomic_coordinates"" sheet)",0.0,0.0,0.0,0.0,1.0,0.0,20845.0,27468.0,4.79708337330902e-05,1.21451561977598e-06,0.000267247072972983,1.0,0.999865711673152,1.0,1.0,0.025,1.0,,,,,,,,,,,3211.0,5574.0,0.0,0.0,inf,0.0337859573643402,inf,0.0,0.0,0.000176951454458875,1.0,0.999865711673152,1.0,3) Uncertain significance,3) Uncertain significance,ALL+WHO,3) Uncertain significance,,,,,,,,,,,,,,,,,,,,,,,,,,,,,,,,0.0,0.0,0.0,0.0,0.0,0.0,0.0,,,,,,,,,,,,,,,,Indel frameshift or premature stop codon (LoF),2) Assoc w R - Interim,High-level resistance,No change,,,no,,G,1
Isoniazid,katG,p.His400fs,katG_p.His400fs,1,frameshift,"(see ""Genomic_coordinates"" sheet)",1.0,1.0,1.0,0.0,3.0,0.0,20843.0,27468.0,0.00014391250119927,2.96792008899536e-05,0.000420515224128061,1.0,0.999865711673152,1.0,1.0,0.292401773821286,1.0,1.0,0.025,1.0,1.0,0.025,1.0,inf,0.0337891992100405,inf,0.431445603576751,617.5,5574.0,0.0,0.0,inf,0.544526627735454,inf,4.79754365764728e-05,1.21463215353938e-06,0.000267272712750976,1.0,0.999865711673152,1.0,3) Uncertain significance,3) Uncertain significance,ALL+WHO,3) Uncertain significance,1.0,1.0,1.0,0.0,2.0,0.0,13372.0,21313.0,0.000149543891132047,1.81109721013608e-05,0.000540098445265982,1.0,0.999826933785262,1.0,1.0,0.158113883008419,1.0,1.0,0.025,1.0,1.0,0.025,1.0,inf,0.040864745349235,inf,0.385544600126852,512.0,4479.0,0.0,0.0,0.0,0.0,0.0,0.0,0.0,0.0,0.0,inf,0.299307766452077,inf,7.47775368279368e-05,1.89320152683959e-06,0.000416562561410248,1.0,0.999826933785262,1.0,,,,,,,Indel frameshift or premature stop codon (LoF),2) Assoc w R - Interim,High-level resistance,No change,,,no,,G,1
Isoniazid,katG,p.His561fs,katG_p.His561fs,1,frameshift,"(see ""Genomic_coordinates"" sheet)",0.0,0.0,0.0,0.0,1.0,0.0,20845.0,27468.0,4.79708337330902e-05,1.21451561977598e-06,0.000267247072972983,1.0,0.999865711673152,1.0,1.0,0.025,1.0,,,,,,,,,,,3012.0,5574.0,0.0,0.0,inf,0.0337859573643402,inf,0.0,0.0,0.000176951454458875,1.0,0.999865711673152,1.0,3) Uncertain significance,3) Uncertain significance,ALL+WHO,3) Uncertain significance,,,,,,,,,,,,,,,,,,,,,,,,,,,,,,,,0.0,0.0,0.0,0.0,0.0,0.0,0.0,,,,,,,,,,,,,,,,Indel frameshift or premature stop codon (LoF),2) Assoc w R - Interim,High-level resistance,No change,,,no,,G,1
Isoniazid,katG,p.Ile335fs,katG_p.Ile335fs,1,frameshift,"(see ""Genomic_coordinates"" sheet)",1.0,1.0,1.0,0.0,2.0,0.0,20844.0,27468.0,9.59416674661805e-05,1.16191922227078e-05,0.000346530862189542,1.0,0.999865711673152,1.0,1.0,0.158113883008419,1.0,1.0,0.025,1.0,1.0,0.025,1.0,inf,0.0337875782094303,inf,0.431457371721896,645.0,5574.0,0.0,0.0,inf,0.247471899512553,inf,4.79731350443751e-05,1.21457388386244e-06,0.000267259892247036,1.0,0.999865711673152,1.0,3) Uncertain significance,3) Uncertain significance,ALL+WHO,3) Uncertain significance,1.0,1.0,1.0,0.0,2.0,0.0,13372.0,21313.0,0.000149543891132047,1.81109721013608e-05,0.000540098445265982,1.0,0.999826933785262,1.0,1.0,0.158113883008419,1.0,1.0,0.025,1.0,1.0,0.025,1.0,inf,0.040864745349235,inf,0.385544600126852,512.0,4479.0,0.0,0.0,0.0,0.0,0.0,0.0,0.0,0.0,0.0,inf,0.299307766452077,inf,7.47775368279368e-05,1.89320152683959e-06,0.000416562561410248,1.0,0.999826933785262,1.0,,,,,,,Indel frameshift or premature stop codon (LoF),2) Assoc w R - Interim,High-level resistance,No change,,,no,,G,1
Isoniazid,katG,p.Ile393fs,katG_p.Ile393fs,1,frameshift,"(see ""Genomic_coordinates"" sheet)",1.0,2.0,2.0,0.0,3.0,0.0,20843.0,27468.0,0.00014391250119927,2.96792008899536e-05,0.000420515224128061,1.0,0.999865711673152,1.0,1.0,0.292401773821286,1.0,1.0,0.158113883008419,1.0,1.0,0.158113883008419,1.0,inf,0.24748377190611,inf,0.186150386160192,389.5,5574.0,0.0,0.0,inf,0.544526627735454,inf,9.59462700887503e-05,1.16197496419179e-05,0.000346547484278011,1.0,0.999865711673152,1.0,3) Uncertain significance,3) Uncertain significance,ALL+WHO,3) Uncertain significance,1.0,2.0,2.0,0.0,3.0,0.0,13371.0,21313.0,0.00022431583669807,4.6261707448018e-05,0.000655404732399905,1.0,0.999826933785262,1.0,1.0,0.292401773821286,1.0,1.0,0.158113883008419,1.0,1.0,0.158113883008419,1.0,inf,0.299330161198724,inf,0.148637808646281,204.0,4479.0,0.0,0.0,0.0,0.0,0.0,0.0,0.0,0.0,0.0,inf,0.65857349539183,inf,0.000149555073655873,1.81123264336181e-05,0.000540138824607934,1.0,0.999826933785262,1.0,,,,,,,Indel frameshift or premature stop codon (LoF),2) Assoc w R - Interim,High-level resistance,No change,AwRI by relaxed thresholds (not endorsed),,no,,"G, O",1
Isoniazid,katG,p.Ile455fs,katG_p.Ile455fs,1,frameshift,"(see ""Genomic_coordinates"" sheet)",0.0,0.0,0.0,0.0,1.0,0.0,20845.0,27468.0,4.79708337330902e-05,1.21451561977598e-06,0.000267247072972983,1.0,0.999865711673152,1.0,1.0,0.025,1.0,,,,,,,,,,,2955.0,5574.0,0.0,0.0,inf,0.0337859573643402,inf,0.0,0.0,0.000176951454458875,1.0,0.999865711673152,1.0,3) Uncertain significance,3) Uncertain significance,ALL+WHO,3) Uncertain significance,0.0,0.0,0.0,0.0,1.0,0.0,13373.0,21313.0,7.47719455660236e-05,1.89305996861207e-06,0.000416531419540481,1.0,0.999826933785262,1.0,1.0,0.025,1.0,,,,,,,,,,,2405.0,4479.0,0.0,0.0,0.0,0.0,0.0,0.0,0.0,0.0,0.0,inf,0.0408616897784423,inf,0.0,0.0,0.000275807277411719,1.0,0.999826933785262,1.0,,,,,,,Indel frameshift or premature stop codon (LoF),2) Assoc w R - Interim,High-level resistance,No change,,,no,,G,1
Isoniazid,katG,p.Ile536fs,katG_p.Ile536fs,1,frameshift,"(see ""Genomic_coordinates"" sheet)",0.0,0.0,0.0,0.0,1.0,0.0,20845.0,27468.0,4.79708337330902e-05,1.21451561977598e-06,0.000267247072972983,1.0,0.999865711673152,1.0,1.0,0.025,1.0,,,,,,,,,,,3369.0,5574.0,0.0,0.0,inf,0.0337859573643402,inf,0.0,0.0,0.000176951454458875,1.0,0.999865711673152,1.0,3) Uncertain significance,3) Uncertain significance,ALL+WHO,3) Uncertain significance,0.0,0.0,0.0,0.0,1.0,0.0,13373.0,21313.0,7.47719455660236e-05,1.89305996861207e-06,0.000416531419540481,1.0,0.999826933785262,1.0,1.0,0.025,1.0,,,,,,,,,,,2723.0,4479.0,0.0,0.0,0.0,0.0,0.0,0.0,0.0,0.0,0.0,inf,0.0408616897784423,inf,0.0,0.0,0.000275807277411719,1.0,0.999826933785262,1.0,,,,,,,Indel frameshift or premature stop codon (LoF),2) Assoc w R - Interim,High-level resistance,No change,,,no,,G,1
Isoniazid,katG,p.Ile563fs,katG_p.Ile563fs,1,frameshift,"(see ""Genomic_coordinates"" sheet)",2.0,1.0,1.0,0.0,1.0,0.0,20845.0,27468.0,4.79708337330902e-05,1.21451561977598e-06,0.000267247072972983,1.0,0.999865711673152,1.0,1.0,0.025,1.0,1.0,0.025,1.0,1.0,0.025,1.0,inf,0.0337859573643402,inf,0.431469139379889,746.0,5574.0,0.0,0.0,inf,0.0337859573643402,inf,4.79708337330902e-05,1.21451561977598e-06,0.000267247072972983,1.0,0.999865711673152,1.0,3) Uncertain significance,3) Uncertain significance,ALL+WHO,3) Uncertain significance,,,,,,,,,,,,,,,,,,,,,,,,,,,,,,,,0.0,0.0,0.0,0.0,0.0,0.0,0.0,,,,,,,,,,,,,,,,Indel frameshift or premature stop codon (LoF),2) Assoc w R - Interim,High-level resistance,No change,,,no,,G,1
Isoniazid,katG,p.Ile8fs,katG_p.Ile8fs,1,frameshift,"(see ""Genomic_coordinates"" sheet)",1.0,3.0,3.0,0.0,5.0,0.0,20841.0,27468.0,0.000239854168665451,7.78844354195375e-05,0.000559650096554077,1.0,0.999865711673152,1.0,1.0,0.478176249895018,1.0,1.0,0.292401773821286,1.0,1.0,0.292401773821286,1.0,inf,0.544578868503982,inf,0.0803050031296393,277.5,5574.0,0.0,0.0,inf,1.20760984683633,inf,0.000143926309729418,2.9682048729561e-05,0.000420555567348889,1.0,0.999865711673152,1.0,3) Uncertain significance,3) Uncertain significance,ALL+WHO,3) Uncertain significance,1.0,2.0,2.0,0.0,4.0,0.0,13370.0,21313.0,0.000299087782264094,8.14971745887464e-05,0.000765604832862923,1.0,0.999826933785262,1.0,1.0,0.397635364383525,1.0,1.0,0.158113883008419,1.0,1.0,0.158113883008419,1.0,inf,0.299352559293419,inf,0.148624148798733,200.0,4479.0,0.0,0.0,0.0,0.0,0.0,0.0,0.0,0.0,0.0,inf,1.05210128917758,inf,0.000149566257852228,1.81136809684436e-05,0.000540179209988093,1.0,0.999826933785262,1.0,1.0,,,,,,Indel frameshift or premature stop codon (LoF),2) Assoc w R - Interim,High-level resistance,No change,AwRI by relaxed thresholds (not endorsed),,no,,"G, O",1
Isoniazid,katG,p.Leu173fs,katG_p.Leu173fs,1,frameshift,"(see ""Genomic_coordinates"" sheet)",0.0,0.0,0.0,0.0,1.0,0.0,20845.0,27468.0,4.79708337330902e-05,1.21451561977598e-06,0.000267247072972983,1.0,0.999865711673152,1.0,1.0,0.025,1.0,,,,,,,,,,,3148.0,5574.0,0.0,0.0,inf,0.0337859573643402,inf,0.0,0.0,0.000176951454458875,1.0,0.999865711673152,1.0,3) Uncertain significance,3) Uncertain significance,ALL+WHO,3) Uncertain significance,,,,,,,,,,,,,,,,,,,,,,,,,,,,,,,,0.0,0.0,0.0,0.0,0.0,0.0,0.0,,,,,,,,,,,,,,,,Indel frameshift or premature stop codon (LoF),2) Assoc w R - Interim,High-level resistance,No change,,,no,,G,1
Isoniazid,katG,p.Leu382fs,katG_p.Leu382fs,1,frameshift,"(see ""Genomic_coordinates"" sheet)",1.0,1.0,1.0,0.0,2.0,0.0,20844.0,27468.0,9.59416674661805e-05,1.16191922227078e-05,0.000346530862189542,1.0,0.999865711673152,1.0,1.0,0.158113883008419,1.0,1.0,0.025,1.0,1.0,0.025,1.0,inf,0.0337875782094303,inf,0.431457371721896,645.0,5574.0,0.0,0.0,inf,0.247471899512553,inf,4.79731350443751e-05,1.21457388386244e-06,0.000267259892247036,1.0,0.999865711673152,1.0,3) Uncertain significance,3) Uncertain significance,ALL+WHO,3) Uncertain significance,1.0,1.0,1.0,0.0,1.0,0.0,13373.0,21313.0,7.47719455660236e-05,1.89305996861207e-06,0.000416531419540481,1.0,0.999826933785262,1.0,1.0,0.025,1.0,1.0,0.025,1.0,1.0,0.025,1.0,inf,0.0408616897784423,inf,0.385562314411739,597.0,4479.0,0.0,0.0,0.0,0.0,0.0,0.0,0.0,0.0,0.0,inf,0.0408616897784423,inf,7.47719455660236e-05,1.89305996861207e-06,0.000416531419540481,1.0,0.999826933785262,1.0,,,,,,,Indel frameshift or premature stop codon (LoF),2) Assoc w R - Interim,High-level resistance,No change,,,no,,G,1
Isoniazid,katG,p.Leu696fs,katG_p.Leu696fs,1,frameshift,"(see ""Genomic_coordinates"" sheet)",0.0,0.0,0.0,0.0,1.0,0.0,20845.0,27468.0,4.79708337330902e-05,1.21451561977598e-06,0.000267247072972983,1.0,0.999865711673152,1.0,1.0,0.025,1.0,,,,,,,,,,,3314.0,5574.0,0.0,0.0,inf,0.0337859573643402,inf,0.0,0.0,0.000176951454458875,1.0,0.999865711673152,1.0,3) Uncertain significance,3) Uncertain significance,ALL+WHO,3) Uncertain significance,,,,,,,,,,,,,,,,,,,,,,,,,,,,,,,,0.0,0.0,0.0,0.0,0.0,0.0,0.0,,,,,,,,,,,,,,,,Indel frameshift or premature stop codon (LoF),2) Assoc w R - Interim,High-level resistance,No change,,,no,,G,1
Isoniazid,katG,p.Lys157fs,katG_p.Lys157fs,1,frameshift,"(see ""Genomic_coordinates"" sheet)",2.0,1.0,1.0,0.0,1.0,0.0,20845.0,27468.0,4.79708337330902e-05,1.21451561977598e-06,0.000267247072972983,1.0,0.999865711673152,1.0,1.0,0.025,1.0,1.0,0.025,1.0,1.0,0.025,1.0,inf,0.0337859573643402,inf,0.431469139379889,746.0,5574.0,0.0,0.0,inf,0.0337859573643402,inf,4.79708337330902e-05,1.21451561977598e-06,0.000267247072972983,1.0,0.999865711673152,1.0,3) Uncertain significance,3) Uncertain significance,ALL+WHO,3) Uncertain significance,2.0,1.0,1.0,0.0,1.0,0.0,13373.0,21313.0,7.47719455660236e-05,1.89305996861207e-06,0.000416531419540481,1.0,0.999826933785262,1.0,1.0,0.025,1.0,1.0,0.025,1.0,1.0,0.025,1.0,inf,0.0408616897784423,inf,0.385562314411739,597.0,4479.0,0.0,0.0,0.0,0.0,0.0,0.0,0.0,0.0,0.0,inf,0.0408616897784423,inf,7.47719455660236e-05,1.89305996861207e-06,0.000416531419540481,1.0,0.999826933785262,1.0,,,,,,,Indel frameshift or premature stop codon (LoF),2) Assoc w R - Interim,High-level resistance,No change,,,no,,G,1
Isoniazid,katG,p.Lys179fs,katG_p.Lys179fs,1,frameshift,"(see ""Genomic_coordinates"" sheet)",0.0,0.0,0.0,0.0,1.0,0.0,20845.0,27468.0,4.79708337330902e-05,1.21451561977598e-06,0.000267247072972983,1.0,0.999865711673152,1.0,1.0,0.025,1.0,,,,,,,,,,,3501.0,5574.0,0.0,0.0,inf,0.0337859573643402,inf,0.0,0.0,0.000176951454458875,1.0,0.999865711673152,1.0,3) Uncertain significance,3) Uncertain significance,ALL+WHO,3) Uncertain significance,0.0,0.0,0.0,0.0,1.0,0.0,13373.0,21313.0,7.47719455660236e-05,1.89305996861207e-06,0.000416531419540481,1.0,0.999826933785262,1.0,1.0,0.025,1.0,,,,,,,,,,,2818.0,4479.0,0.0,0.0,0.0,0.0,0.0,0.0,0.0,0.0,0.0,inf,0.0408616897784423,inf,0.0,0.0,0.000275807277411719,1.0,0.999826933785262,1.0,,,,,,,Indel frameshift or premature stop codon (LoF),2) Assoc w R - Interim,High-level resistance,No change,,,no,,G,1
Isoniazid,katG,p.Lys200fs,katG_p.Lys200fs,1,frameshift,"(see ""Genomic_coordinates"" sheet)",0.0,0.0,0.0,0.0,1.0,0.0,20845.0,27468.0,4.79708337330902e-05,1.21451561977598e-06,0.000267247072972983,1.0,0.999865711673152,1.0,1.0,0.025,1.0,,,,,,,,,,,3037.0,5574.0,0.0,0.0,inf,0.0337859573643402,inf,0.0,0.0,0.000176951454458875,1.0,0.999865711673152,1.0,3) Uncertain significance,3) Uncertain significance,ALL+WHO,3) Uncertain significance,,,,,,,,,,,,,,,,,,,,,,,,,,,,,,,,0.0,0.0,0.0,0.0,0.0,0.0,0.0,,,,,,,,,,,,,,,,Indel frameshift or premature stop codon (LoF),2) Assoc w R - Interim,High-level resistance,No change,,,no,,G,1
Isoniazid,katG,p.Lys433fs,katG_p.Lys433fs,1,frameshift,"(see ""Genomic_coordinates"" sheet)",1.0,1.0,1.0,0.0,2.0,0.0,20844.0,27468.0,9.59416674661805e-05,1.16191922227078e-05,0.000346530862189542,1.0,0.999865711673152,1.0,1.0,0.158113883008419,1.0,1.0,0.025,1.0,1.0,0.025,1.0,inf,0.0337875782094303,inf,0.431457371721896,645.0,5574.0,0.0,0.0,inf,0.247471899512553,inf,4.79731350443751e-05,1.21457388386244e-06,0.000267259892247036,1.0,0.999865711673152,1.0,3) Uncertain significance,3) Uncertain significance,ALL+WHO,3) Uncertain significance,1.0,1.0,1.0,0.0,2.0,0.0,13372.0,21313.0,0.000149543891132047,1.81109721013608e-05,0.000540098445265982,1.0,0.999826933785262,1.0,1.0,0.158113883008419,1.0,1.0,0.025,1.0,1.0,0.025,1.0,inf,0.040864745349235,inf,0.385544600126852,512.0,4479.0,0.0,0.0,0.0,0.0,0.0,0.0,0.0,0.0,0.0,inf,0.299307766452077,inf,7.47775368279368e-05,1.89320152683959e-06,0.000416562561410248,1.0,0.999826933785262,1.0,,,,,,,Indel frameshift or premature stop codon (LoF),2) Assoc w R - Interim,High-level resistance,No change,,,no,,G,1
Isoniazid,katG,p.Lys459fs,katG_p.Lys459fs,1,frameshift,"(see ""Genomic_coordinates"" sheet)",2.0,1.0,1.0,0.0,1.0,0.0,20845.0,27468.0,4.79708337330902e-05,1.21451561977598e-06,0.000267247072972983,1.0,0.999865711673152,1.0,1.0,0.025,1.0,1.0,0.025,1.0,1.0,0.025,1.0,inf,0.0337859573643402,inf,0.431469139379889,746.0,5574.0,0.0,0.0,inf,0.0337859573643402,inf,4.79708337330902e-05,1.21451561977598e-06,0.000267247072972983,1.0,0.999865711673152,1.0,3) Uncertain significance,3) Uncertain significance,ALL+WHO,3) Uncertain significance,2.0,1.0,1.0,0.0,1.0,0.0,13373.0,21313.0,7.47719455660236e-05,1.89305996861207e-06,0.000416531419540481,1.0,0.999826933785262,1.0,1.0,0.025,1.0,1.0,0.025,1.0,1.0,0.025,1.0,inf,0.0408616897784423,inf,0.385562314411739,597.0,4479.0,0.0,0.0,0.0,0.0,0.0,0.0,0.0,0.0,0.0,inf,0.0408616897784423,inf,7.47719455660236e-05,1.89305996861207e-06,0.000416531419540481,1.0,0.999826933785262,1.0,,,,,,,Indel frameshift or premature stop codon (LoF),2) Assoc w R - Interim,High-level resistance,No change,,,no,,G,1
Isoniazid,katG,p.Lys46fs,katG_p.Lys46fs,1,frameshift,"(see ""Genomic_coordinates"" sheet)",0.0,0.0,0.0,0.0,1.0,0.0,20845.0,27468.0,4.79708337330902e-05,1.21451561977598e-06,0.000267247072972983,1.0,0.999865711673152,1.0,1.0,0.025,1.0,,,,,,,,,,,3230.0,5574.0,0.0,0.0,inf,0.0337859573643402,inf,0.0,0.0,0.000176951454458875,1.0,0.999865711673152,1.0,3) Uncertain significance,3) Uncertain significance,ALL+WHO,3) Uncertain significance,0.0,0.0,0.0,0.0,1.0,0.0,13373.0,21313.0,7.47719455660236e-05,1.89305996861207e-06,0.000416531419540481,1.0,0.999826933785262,1.0,1.0,0.025,1.0,,,,,,,,,,,2617.0,4479.0,0.0,0.0,0.0,0.0,0.0,0.0,0.0,0.0,0.0,inf,0.0408616897784423,inf,0.0,0.0,0.000275807277411719,1.0,0.999826933785262,1.0,,,,,,,Indel frameshift or premature stop codon (LoF),2) Assoc w R - Interim,High-level resistance,No change,,,no,,G,1
Isoniazid,katG,p.Lys557fs,katG_p.Lys557fs,1,frameshift,"(see ""Genomic_coordinates"" sheet)",0.0,0.0,0.0,0.0,1.0,0.0,20845.0,27468.0,4.79708337330902e-05,1.21451561977598e-06,0.000267247072972983,1.0,0.999865711673152,1.0,1.0,0.025,1.0,,,,,,,,,,,3411.0,5574.0,0.0,0.0,inf,0.0337859573643402,inf,0.0,0.0,0.000176951454458875,1.0,0.999865711673152,1.0,3) Uncertain significance,3) Uncertain significance,ALL+WHO,3) Uncertain significance,,,,,,,,,,,,,,,,,,,,,,,,,,,,,,,,0.0,0.0,0.0,0.0,0.0,0.0,0.0,,,,,,,,,,,,,,,,Indel frameshift or premature stop codon (LoF),2) Assoc w R - Interim,High-level resistance,No change,,,no,,G,1
Isoniazid,katG,p.Lys590fs,katG_p.Lys590fs,1,frameshift,"(see ""Genomic_coordinates"" sheet)",0.0,0.0,0.0,0.0,1.0,0.0,20845.0,27468.0,4.79708337330902e-05,1.21451561977598e-06,0.000267247072972983,1.0,0.999865711673152,1.0,1.0,0.025,1.0,,,,,,,,,,,3522.0,5574.0,0.0,0.0,inf,0.0337859573643402,inf,0.0,0.0,0.000176951454458875,1.0,0.999865711673152,1.0,3) Uncertain significance,3) Uncertain significance,ALL+WHO,3) Uncertain significance,,,,,,,,,,,,,,,,,,,,,,,,,,,,,,,,0.0,0.0,0.0,0.0,0.0,0.0,0.0,,,,,,,,,,,,,,,,Indel frameshift or premature stop codon (LoF),2) Assoc w R - Interim,High-level resistance,No change,,,no,,G,1
Isoniazid,katG,p.Met1?,katG_p.Met1?,1,start_lost,"(see ""Genomic_coordinates"" sheet)",1.0,24.0,24.0,0.0,29.0,0.0,20817.0,27468.0,0.00139115417825961,0.000931869577538548,0.00199732323166199,1.0,0.999865711673152,1.0,1.0,0.880555130930497,1.0,1.0,0.857526402277474,1.0,1.0,0.857526402277474,1.0,inf,7.94228264800277,inf,1.71435273946543e-09,18.0,5574.0,1.0,0.0,inf,9.724633441073,inf,0.00115157621995105,0.000737971604671233,0.00171297271678467,1.0,0.999865711673152,1.0,1) Assoc w R,1) Assoc w R,ALL+WHO,1) Assoc w R,1.0,16.0,16.0,0.0,20.0,0.0,13354.0,21313.0,0.00149543891132047,0.000913684725149316,0.00230864386780147,1.0,0.999826933785262,1.0,1.0,0.831566529016914,1.0,1.0,0.794092785792177,1.0,1.0,0.794092785792177,1.0,inf,6.15243071025102,inf,2.36504509770735e-07,16.0,4479.0,1.0,0.0,0.0,0.0,0.0,0.0,0.0,0.0,0.0,inf,7.87776979048218,inf,0.00119670905011219,0.000684172454560627,0.00194265496793158,1.0,0.999826933785262,1.0,,,,,,,,1) Assoc w R,High-level resistance,UP from AwRI to AwR,,,yes,,G,4
Isoniazid,katG,p.Met26fs,katG_p.Met26fs,1,frameshift,"(see ""Genomic_coordinates"" sheet)",0.0,0.0,0.0,0.0,2.0,0.0,20844.0,27468.0,9.59416674661805e-05,1.16191922227078e-05,0.000346530862189542,1.0,0.999865711673152,1.0,1.0,0.158113883008419,1.0,,,,,,,,,,,3040.0,5574.0,0.0,0.0,inf,0.247471899512553,inf,0.0,0.0,0.000176959943030976,1.0,0.999865711673152,1.0,3) Uncertain significance,3) Uncertain significance,ALL+WHO,3) Uncertain significance,0.0,0.0,0.0,0.0,2.0,0.0,13372.0,21313.0,0.000149543891132047,1.81109721013608e-05,0.000540098445265982,1.0,0.999826933785262,1.0,1.0,0.158113883008419,1.0,,,,,,,,,,,2472.0,4479.0,0.0,0.0,0.0,0.0,0.0,0.0,0.0,0.0,0.0,inf,0.299307766452077,inf,0.0,0.0,0.000275827900298067,1.0,0.999826933785262,1.0,,,,,,,Indel frameshift or premature stop codon (LoF),2) Assoc w R - Interim,High-level resistance,No change,,,no,,G,1
Isoniazid,katG,p.Met624fs,katG_p.Met624fs,1,frameshift,"(see ""Genomic_coordinates"" sheet)",0.0,0.0,0.0,0.0,1.0,0.0,20845.0,27468.0,4.79708337330902e-05,1.21451561977598e-06,0.000267247072972983,1.0,0.999865711673152,1.0,1.0,0.025,1.0,,,,,,,,,,,3231.0,5574.0,0.0,0.0,inf,0.0337859573643402,inf,0.0,0.0,0.000176951454458875,1.0,0.999865711673152,1.0,3) Uncertain significance,3) Uncertain significance,ALL+WHO,3) Uncertain significance,,,,,,,,,,,,,,,,,,,,,,,,,,,,,,,,0.0,0.0,0.0,0.0,0.0,0.0,0.0,,,,,,,,,,,,,,,,Indel frameshift or premature stop codon (LoF),2) Assoc w R - Interim,High-level resistance,No change,,,no,,G,1
Isoniazid,katG,p.Phe272fs,katG_p.Phe272fs,1,frameshift,"(see ""Genomic_coordinates"" sheet)",1.0,1.0,1.0,0.0,1.0,0.0,20845.0,27468.0,4.79708337330902e-05,1.21451561977598e-06,0.000267247072972983,1.0,0.999865711673152,1.0,1.0,0.025,1.0,1.0,0.025,1.0,1.0,0.025,1.0,inf,0.0337859573643402,inf,0.431469139379889,746.0,5574.0,0.0,0.0,inf,0.0337859573643402,inf,4.79708337330902e-05,1.21451561977598e-06,0.000267247072972983,1.0,0.999865711673152,1.0,3) Uncertain significance,3) Uncertain significance,ALL+WHO,3) Uncertain significance,,,,,,,,,,,,,,,,,,,,,,,,,,,,,,,,0.0,0.0,0.0,0.0,0.0,0.0,0.0,,,,,,,,,,,,,,,,Indel frameshift or premature stop codon (LoF),2) Assoc w R - Interim,High-level resistance,No change,,,no,,G,1
Isoniazid,katG,p.Pro325fs,katG_p.Pro325fs,1,frameshift,"(see ""Genomic_coordinates"" sheet)",0.0,0.0,0.0,0.0,1.0,0.0,20845.0,27468.0,4.79708337330902e-05,1.21451561977598e-06,0.000267247072972983,1.0,0.999865711673152,1.0,1.0,0.025,1.0,,,,,,,,,,,3150.0,5574.0,0.0,0.0,inf,0.0337859573643402,inf,0.0,0.0,0.000176951454458875,1.0,0.999865711673152,1.0,3) Uncertain significance,3) Uncertain significance,ALL+WHO,3) Uncertain significance,0.0,0.0,0.0,0.0,1.0,0.0,13373.0,21313.0,7.47719455660236e-05,1.89305996861207e-06,0.000416531419540481,1.0,0.999826933785262,1.0,1.0,0.025,1.0,,,,,,,,,,,2554.0,4479.0,0.0,0.0,0.0,0.0,0.0,0.0,0.0,0.0,0.0,inf,0.0408616897784423,inf,0.0,0.0,0.000275807277411719,1.0,0.999826933785262,1.0,,,,,,,Indel frameshift or premature stop codon (LoF),2) Assoc w R - Interim,High-level resistance,No change,,,no,,G,1
Isoniazid,katG,p.Pro422fs,katG_p.Pro422fs,1,frameshift,"(see ""Genomic_coordinates"" sheet)",1.0,2.0,2.0,0.0,2.0,0.0,20844.0,27468.0,9.59416674661805e-05,1.16191922227078e-05,0.000346530862189542,1.0,0.999865711673152,1.0,1.0,0.158113883008419,1.0,1.0,0.158113883008419,1.0,1.0,0.158113883008419,1.0,inf,0.247471899512553,inf,0.186160540855956,404.0,5574.0,0.0,0.0,inf,0.247471899512553,inf,9.59416674661805e-05,1.16191922227078e-05,0.000346530862189542,1.0,0.999865711673152,1.0,3) Uncertain significance,3) Uncertain significance,ALL+WHO,3) Uncertain significance,1.0,2.0,2.0,0.0,2.0,0.0,13372.0,21313.0,0.000149543891132047,1.81109721013608e-05,0.000540098445265982,1.0,0.999826933785262,1.0,1.0,0.158113883008419,1.0,1.0,0.158113883008419,1.0,1.0,0.158113883008419,1.0,inf,0.299307766452077,inf,0.148651468333857,217.5,4479.0,0.0,0.0,0.0,0.0,0.0,0.0,0.0,0.0,0.0,inf,0.299307766452077,inf,0.000149543891132047,1.81109721013608e-05,0.000540098445265982,1.0,0.999826933785262,1.0,,,,,,,Indel frameshift or premature stop codon (LoF),2) Assoc w R - Interim,High-level resistance,No change,AwRI by relaxed thresholds (not endorsed),,no,,"G, O",1
Isoniazid,katG,p.Pro429fs,katG_p.Pro429fs,1,frameshift,"(see ""Genomic_coordinates"" sheet)",1.0,1.0,1.0,0.0,1.0,0.0,20845.0,27468.0,4.79708337330902e-05,1.21451561977598e-06,0.000267247072972983,1.0,0.999865711673152,1.0,1.0,0.025,1.0,1.0,0.025,1.0,1.0,0.025,1.0,inf,0.0337859573643402,inf,0.431469139379889,746.0,5574.0,0.0,0.0,inf,0.0337859573643402,inf,4.79708337330902e-05,1.21451561977598e-06,0.000267247072972983,1.0,0.999865711673152,1.0,3) Uncertain significance,3) Uncertain significance,ALL+WHO,3) Uncertain significance,1.0,1.0,1.0,0.0,1.0,0.0,13373.0,21313.0,7.47719455660236e-05,1.89305996861207e-06,0.000416531419540481,1.0,0.999826933785262,1.0,1.0,0.025,1.0,1.0,0.025,1.0,1.0,0.025,1.0,inf,0.0408616897784423,inf,0.385562314411739,597.0,4479.0,0.0,0.0,0.0,0.0,0.0,0.0,0.0,0.0,0.0,inf,0.0408616897784423,inf,7.47719455660236e-05,1.89305996861207e-06,0.000416531419540481,1.0,0.999826933785262,1.0,,,,,,,Indel frameshift or premature stop codon (LoF),2) Assoc w R - Interim,High-level resistance,No change,,,no,,G,1
Isoniazid,katG,p.Pro569fs,katG_p.Pro569fs,1,frameshift,"(see ""Genomic_coordinates"" sheet)",1.0,1.0,1.0,0.0,1.0,0.0,20845.0,27468.0,4.79708337330902e-05,1.21451561977598e-06,0.000267247072972983,1.0,0.999865711673152,1.0,1.0,0.025,1.0,1.0,0.025,1.0,1.0,0.025,1.0,inf,0.0337859573643402,inf,0.431469139379889,746.0,5574.0,0.0,0.0,inf,0.0337859573643402,inf,4.79708337330902e-05,1.21451561977598e-06,0.000267247072972983,1.0,0.999865711673152,1.0,3) Uncertain significance,3) Uncertain significance,ALL+WHO,3) Uncertain significance,1.0,1.0,1.0,0.0,1.0,0.0,13373.0,21313.0,7.47719455660236e-05,1.89305996861207e-06,0.000416531419540481,1.0,0.999826933785262,1.0,1.0,0.025,1.0,1.0,0.025,1.0,1.0,0.025,1.0,inf,0.0408616897784423,inf,0.385562314411739,597.0,4479.0,0.0,0.0,0.0,0.0,0.0,0.0,0.0,0.0,0.0,inf,0.0408616897784423,inf,7.47719455660236e-05,1.89305996861207e-06,0.000416531419540481,1.0,0.999826933785262,1.0,,,,,,,Indel frameshift or premature stop codon (LoF),2) Assoc w R - Interim,High-level resistance,No change,,,no,,G,1
Isoniazid,katG,p.Pro622fs,katG_p.Pro622fs,1,frameshift,"(see ""Genomic_coordinates"" sheet)",0.0,0.0,0.0,0.0,2.0,0.0,20844.0,27468.0,9.59416674661805e-05,1.16191922227078e-05,0.000346530862189542,1.0,0.999865711673152,1.0,1.0,0.158113883008419,1.0,,,,,,,,,,,3090.0,5574.0,0.0,0.0,inf,0.247471899512553,inf,0.0,0.0,0.000176959943030976,1.0,0.999865711673152,1.0,3) Uncertain significance,3) Uncertain significance,ALL+WHO,3) Uncertain significance,0.0,0.0,0.0,0.0,1.0,0.0,13373.0,21313.0,7.47719455660236e-05,1.89305996861207e-06,0.000416531419540481,1.0,0.999826933785262,1.0,1.0,0.025,1.0,,,,,,,,,,,2510.0,4479.0,0.0,0.0,0.0,0.0,0.0,0.0,0.0,0.0,0.0,inf,0.0408616897784423,inf,0.0,0.0,0.000275807277411719,1.0,0.999826933785262,1.0,,,,,,,Indel frameshift or premature stop codon (LoF),2) Assoc w R - Interim,High-level resistance,No change,,,no,,G,1
Isoniazid,katG,p.Pro642fs,katG_p.Pro642fs,1,frameshift,"(see ""Genomic_coordinates"" sheet)",0.0,0.0,0.0,0.0,1.0,0.0,20845.0,27468.0,4.79708337330902e-05,1.21451561977598e-06,0.000267247072972983,1.0,0.999865711673152,1.0,1.0,0.025,1.0,,,,,,,,,,,3213.0,5574.0,0.0,0.0,inf,0.0337859573643402,inf,0.0,0.0,0.000176951454458875,1.0,0.999865711673152,1.0,3) Uncertain significance,3) Uncertain significance,ALL+WHO,3) Uncertain significance,,,,,,,,,,,,,,,,,,,,,,,,,,,,,,,,0.0,0.0,0.0,0.0,0.0,0.0,0.0,,,,,,,,,,,,,,,,Indel frameshift or premature stop codon (LoF),2) Assoc w R - Interim,High-level resistance,No change,,,no,,G,1
Isoniazid,katG,p.Pro6fs,katG_p.Pro6fs,1,frameshift,"(see ""Genomic_coordinates"" sheet)",1.0,1.0,1.0,0.0,1.0,0.0,20845.0,27468.0,4.79708337330902e-05,1.21451561977598e-06,0.000267247072972983,1.0,0.999865711673152,1.0,1.0,0.025,1.0,1.0,0.025,1.0,1.0,0.025,1.0,inf,0.0337859573643402,inf,0.431469139379889,746.0,5574.0,0.0,0.0,inf,0.0337859573643402,inf,4.79708337330902e-05,1.21451561977598e-06,0.000267247072972983,1.0,0.999865711673152,1.0,3) Uncertain significance,3) Uncertain significance,ALL+WHO,3) Uncertain significance,,,,,,,,,,,,,,,,,,,,,,,,,,,,,,,,0.0,0.0,0.0,0.0,0.0,0.0,0.0,,,,,,,,,,,,,,,,Indel frameshift or premature stop codon (LoF),2) Assoc w R - Interim,High-level resistance,No change,,,no,,G,1
Isoniazid,katG,p.Pro7fs,katG_p.Pro7fs,1,frameshift,"(see ""Genomic_coordinates"" sheet)",0.0,0.0,0.0,0.0,1.0,1.0,20845.0,27467.0,4.79708337330902e-05,1.21451561977598e-06,0.000267247072972983,0.999963594000291,0.999797175631493,0.999999078280314,0.5,0.012579117093425,0.987420882906574,,,,0.0,0.0,0.975,,,,,3445.0,5574.0,0.0,0.0,1.31767810026385,0.0167927522337569,103.35711725526,0.0,0.0,0.000176951454458875,0.999963594000291,0.999797175631493,0.999999078280314,3) Uncertain significance,3) Uncertain significance,ALL+WHO,3) Uncertain significance,0.0,0.0,0.0,0.0,1.0,0.0,13373.0,21313.0,7.47719455660236e-05,1.89305996861207e-06,0.000416531419540481,1.0,0.999826933785262,1.0,1.0,0.025,1.0,,,,,,,,,,,2782.0,4479.0,0.0,0.0,0.0,0.0,0.0,0.0,0.0,0.0,0.0,inf,0.0408616897784423,inf,0.0,0.0,0.000275807277411719,1.0,0.999826933785262,1.0,,,,,,,Indel frameshift or premature stop codon (LoF),2) Assoc w R - Interim,High-level resistance,No change,,,no,,G,1
Isoniazid,katG,p.Ser175*,katG_p.Ser175*,1,stop_gained,"(see ""Genomic_coordinates"" sheet)",1.0,1.0,1.0,0.0,1.0,0.0,20845.0,27468.0,4.79708337330902e-05,1.21451561977598e-06,0.000267247072972983,1.0,0.999865711673152,1.0,1.0,0.025,1.0,1.0,0.025,1.0,1.0,0.025,1.0,inf,0.0337859573643402,inf,0.431469139379889,746.0,5574.0,0.0,0.0,inf,0.0337859573643402,inf,4.79708337330902e-05,1.21451561977598e-06,0.000267247072972983,1.0,0.999865711673152,1.0,3) Uncertain significance,3) Uncertain significance,ALL+WHO,3) Uncertain significance,1.0,1.0,1.0,0.0,1.0,0.0,13373.0,21313.0,7.47719455660236e-05,1.89305996861207e-06,0.000416531419540481,1.0,0.999826933785262,1.0,1.0,0.025,1.0,1.0,0.025,1.0,1.0,0.025,1.0,inf,0.0408616897784423,inf,0.385562314411739,597.0,4479.0,0.0,0.0,0.0,0.0,0.0,0.0,0.0,0.0,0.0,inf,0.0408616897784423,inf,7.47719455660236e-05,1.89305996861207e-06,0.000416531419540481,1.0,0.999826933785262,1.0,,,,Assoc w RI,,,Indel frameshift or premature stop codon (LoF),2) Assoc w R - Interim,High-level resistance,No change,,,no,,G,1
Isoniazid,katG,p.Ser302fs,katG_p.Ser302fs,1,frameshift,"(see ""Genomic_coordinates"" sheet)",0.0,0.0,0.0,0.0,1.0,0.0,20845.0,27468.0,4.79708337330902e-05,1.21451561977598e-06,0.000267247072972983,1.0,0.999865711673152,1.0,1.0,0.025,1.0,,,,,,,,,,,3104.0,5574.0,0.0,0.0,inf,0.0337859573643402,inf,0.0,0.0,0.000176951454458875,1.0,0.999865711673152,1.0,3) Uncertain significance,3) Uncertain significance,ALL+WHO,3) Uncertain significance,,,,,,,,,,,,,,,,,,,,,,,,,,,,,,,,0.0,0.0,0.0,0.0,0.0,0.0,0.0,,,,,,,,,,,,,,,,Indel frameshift or premature stop codon (LoF),2) Assoc w R - Interim,High-level resistance,No change,,,no,,G,1
Isoniazid,katG,p.Ser315Arg,katG_p.Ser315Arg,1,missense_variant,"(see ""Genomic_coordinates"" sheet)",1.0,12.0,12.0,0.0,14.0,1.0,20832.0,27467.0,0.000671591672263264,0.000367212509754494,0.00112656023057506,0.999963594000291,0.999797175631493,0.999999078280314,0.933333333333333,0.680515433421696,0.998313569758647,1.0,0.735351530602948,1.0,0.923076923076923,0.639702564732122,0.998054371502653,inf,3.66322043087533,inf,4.15373142639815e-05,54.0,5574.0,1.0,0.0,18.459005376344,2.80796092158034,777.750664330232,0.000575705238917674,0.00029750955315669,0.00100542501554565,0.999963594000291,0.999797175631493,0.999999078280314,1) Assoc w R,1) Assoc w R,ALL+WHO,1) Assoc w R,1.0,10.0,10.0,0.0,10.0,0.0,13364.0,21313.0,0.000747719455660236,0.000358616922835118,0.00137465137870696,1.0,0.999826933785262,1.0,1.0,0.691502892181239,1.0,1.0,0.691502892181239,1.0,1.0,0.691502892181239,1.0,inf,3.57391601991246,inf,7.24515399811682e-05,35.0,4479.0,1.0,0.0,0.0,0.0,0.0,0.0,0.0,0.0,0.0,inf,3.57391601991246,inf,0.000747719455660236,0.000358616922835118,0.00137465137870696,1.0,0.999826933785262,1.0,,,,,,Marker of R,,1) Assoc w R,High-level resistance,UP from Uncertain to AwR,,,yes,,G,4
Isoniazid,katG,p.Ser315Asn,katG_p.Ser315Asn,1,missense_variant,"(see ""Genomic_coordinates"" sheet)",1.0,129.0,128.0,1.0,206.0,5.0,20640.0,27463.0,0.00988199174901659,0.00858393006872336,0.0113193346943433,0.999817970001456,0.999575254267103,0.999940892797913,0.976303317535545,0.945569175365454,0.992261990313721,0.992248062015504,0.9575665749347,0.999803757180744,0.962406015037594,0.914449592621806,0.987682545016036,170.313178294573,30.0252123536006,6502.79235323934,8.55521415641651e-46,4.0,5574.0,1.0,0.0,54.8195542635658,23.1047561497696,169.916065920855,0.0061633281972265,0.0051444240636736,0.0073239443396762,0.999817970001456,0.999575254267103,0.999940892797913,1) Assoc w R,1) Assoc w R,ALL+WHO,1) Assoc w R,1.0,81.0,80.0,1.0,120.0,3.0,13254.0,21310.0,0.00897263346792283,0.0074446456588826,0.0107196326808887,0.999859240838924,0.999588697652472,0.999970971136275,0.975609756097561,0.93037547352015,0.994941622782186,0.987654320987654,0.933124379067789,0.999687483312846,0.963855421686747,0.897985117664238,0.992483179764803,128.625320657914,22.4268719593874,4992.04863725425,2.90991194673967e-32,4.0,4479.0,1.0,0.0,0.0,0.0,0.0,0.0,0.0,0.0,0.0,64.3126603289572,21.4803403086595,318.477376783335,0.00599970001499925,0.00476017104595577,0.00746166192337993,0.999859240838924,0.999588697652472,0.999970971136275,9.0,Assoc w R,,Assoc w R,,Marker of R,,1) Assoc w R,High-level resistance,No change,,,yes,,G,1
Isoniazid,katG,p.Ser315Ile,katG_p.Ser315Ile,1,missense_variant,"(see ""Genomic_coordinates"" sheet)",1.0,11.0,11.0,0.0,20.0,0.0,20826.0,27468.0,0.000959416674661805,0.000586132014909014,0.00148135424594851,1.0,0.999865711673152,1.0,1.0,0.831566529016914,1.0,1.0,0.715085847081845,1.0,1.0,0.715085847081845,1.0,inf,3.30958707070725,inf,9.60776014961372e-05,60.0,5574.0,1.0,0.0,inf,6.51017121398754,inf,0.00052790708835245,0.000263557834508622,0.000944374822652719,1.0,0.999865711673152,1.0,1) Assoc w R,1) Assoc w R,ALL,3) Uncertain significance,1.0,6.0,6.0,0.0,11.0,0.0,13363.0,21313.0,0.000822491401226259,0.000410653977896139,0.00147118664271154,1.0,0.999826933785262,1.0,1.0,0.715085847081845,1.0,1.0,0.540741873560099,1.0,1.0,0.540741873560099,1.0,inf,1.87752085958725,inf,0.0032784550564454,65.0,4479.0,0.0,0.0,0.0,0.0,0.0,0.0,0.0,0.0,0.0,inf,4.00162721599209,inf,0.000448799461440646,0.000164718731569378,0.000976589592664291,1.0,0.999826933785262,1.0,3.0,,,,,Marker of R,Evidence from ALL dataset only,2) Assoc w R - Interim,High-level resistance,UP from Uncertain to AwRI,AwRI by relaxed thresholds (not endorsed),,yes,ALL only,"G, O",4
Isoniazid,katG,p.Ser315Thr,katG_p.Ser315Thr,1,missense_variant,"(see ""Genomic_coordinates"" sheet)",1.0,11349.0,11153.0,196.0,16302.0,250.0,4649.0,27505.0,0.77810128394826,0.77241250024962,0.783712803978559,0.990992613943433,0.989810152071645,0.992070497372297,0.984896085065249,0.982920200044254,0.986698781552574,0.982729755925632,0.980161200491146,0.985046182975035,0.978075944926773,0.975219104274974,0.980684921850033,336.657065816216,291.900242994638,390.221594776714,0.0,1.5,5574.0,1.0,0.0,385.791791783179,333.537698265888,436.533536707814,0.705796734590558,0.698622809075138,0.71289483470203,0.990992613943433,0.989810152071645,0.992070497372297,1) Assoc w R,1) Assoc w R,ALL+WHO,1) Assoc w R,1.0,7294.0,7188.0,106.0,10417.0,137.0,3004.0,21323.0,0.776171671261455,0.769023271170489,0.783200135748624,0.993616029822926,0.99245749660585,0.994637611019997,0.987019139662687,0.984672686805029,0.98909083633455,0.985467507540444,0.982450189501791,0.988087060685627,0.981296928327645,0.977927705258332,0.984274920924356,481.338479511594,393.473306338731,600.242546711621,0.0,1.0,4479.0,1.0,0.0,0.0,0.0,0.0,0.0,0.0,0.0,0.0,539.722440638759,455.100034808043,632.939212475295,0.705259026687598,0.696300790719099,0.714099846052764,0.993616029822926,0.99245749660585,0.994637611019997,1932.0,Assoc w R,,Assoc w R,,Marker of R,,1) Assoc w R,High-level resistance,No change,,,yes,,G,1
Isoniazid,katG,p.Ser539fs,katG_p.Ser539fs,1,frameshift,"(see ""Genomic_coordinates"" sheet)",1.0,1.0,1.0,0.0,1.0,0.0,20845.0,27468.0,4.79708337330902e-05,1.21451561977598e-06,0.000267247072972983,1.0,0.999865711673152,1.0,1.0,0.025,1.0,1.0,0.025,1.0,1.0,0.025,1.0,inf,0.0337859573643402,inf,0.431469139379889,746.0,5574.0,0.0,0.0,inf,0.0337859573643402,inf,4.79708337330902e-05,1.21451561977598e-06,0.000267247072972983,1.0,0.999865711673152,1.0,3) Uncertain significance,3) Uncertain significance,ALL+WHO,3) Uncertain significance,1.0,1.0,1.0,0.0,1.0,0.0,13373.0,21313.0,7.47719455660236e-05,1.89305996861207e-06,0.000416531419540481,1.0,0.999826933785262,1.0,1.0,0.025,1.0,1.0,0.025,1.0,1.0,0.025,1.0,inf,0.0408616897784423,inf,0.385562314411739,597.0,4479.0,0.0,0.0,0.0,0.0,0.0,0.0,0.0,0.0,0.0,inf,0.0408616897784423,inf,7.47719455660236e-05,1.89305996861207e-06,0.000416531419540481,1.0,0.999826933785262,1.0,1.0,,,,,,Indel frameshift or premature stop codon (LoF),2) Assoc w R - Interim,High-level resistance,No change,,,no,,G,1
Isoniazid,katG,p.Ser650fs,katG_p.Ser650fs,1,frameshift,"(see ""Genomic_coordinates"" sheet)",0.0,0.0,0.0,0.0,1.0,0.0,20845.0,27468.0,4.79708337330902e-05,1.21451561977598e-06,0.000267247072972983,1.0,0.999865711673152,1.0,1.0,0.025,1.0,,,,,,,,,,,3483.0,5574.0,0.0,0.0,inf,0.0337859573643402,inf,0.0,0.0,0.000176951454458875,1.0,0.999865711673152,1.0,3) Uncertain significance,3) Uncertain significance,ALL+WHO,3) Uncertain significance,,,,,,,,,,,,,,,,,,,,,,,,,,,,,,,,0.0,0.0,0.0,0.0,0.0,0.0,0.0,,,,,,,,,,,,,,,,Indel frameshift or premature stop codon (LoF),2) Assoc w R - Interim,High-level resistance,No change,,,no,,G,1
Isoniazid,katG,p.Ser652fs,katG_p.Ser652fs,1,frameshift,"(see ""Genomic_coordinates"" sheet)",0.0,0.0,0.0,0.0,2.0,0.0,20844.0,27468.0,9.59416674661805e-05,1.16191922227078e-05,0.000346530862189542,1.0,0.999865711673152,1.0,1.0,0.158113883008419,1.0,,,,,,,,,,,2959.0,5574.0,0.0,0.0,inf,0.247471899512553,inf,0.0,0.0,0.000176959943030976,1.0,0.999865711673152,1.0,3) Uncertain significance,3) Uncertain significance,ALL+WHO,3) Uncertain significance,0.0,0.0,0.0,0.0,1.0,0.0,13373.0,21313.0,7.47719455660236e-05,1.89305996861207e-06,0.000416531419540481,1.0,0.999826933785262,1.0,1.0,0.025,1.0,,,,,,,,,,,2408.0,4479.0,0.0,0.0,0.0,0.0,0.0,0.0,0.0,0.0,0.0,inf,0.0408616897784423,inf,0.0,0.0,0.000275807277411719,1.0,0.999826933785262,1.0,,,,,,,Indel frameshift or premature stop codon (LoF),2) Assoc w R - Interim,High-level resistance,No change,,,no,,G,1
Isoniazid,katG,p.Ser671*,katG_p.Ser671*,1,stop_gained,"(see ""Genomic_coordinates"" sheet)",0.0,0.0,0.0,0.0,1.0,0.0,20845.0,27468.0,4.79708337330902e-05,1.21451561977598e-06,0.000267247072972983,1.0,0.999865711673152,1.0,1.0,0.025,1.0,,,,,,,,,,,3416.0,5574.0,0.0,0.0,inf,0.0337859573643402,inf,0.0,0.0,0.000176951454458875,1.0,0.999865711673152,1.0,3) Uncertain significance,3) Uncertain significance,ALL+WHO,3) Uncertain significance,0.0,0.0,0.0,0.0,1.0,0.0,13373.0,21313.0,7.47719455660236e-05,1.89305996861207e-06,0.000416531419540481,1.0,0.999826933785262,1.0,1.0,0.025,1.0,,,,,,,,,,,2765.0,4479.0,0.0,0.0,0.0,0.0,0.0,0.0,0.0,0.0,0.0,inf,0.0408616897784423,inf,0.0,0.0,0.000275807277411719,1.0,0.999826933785262,1.0,,,,Assoc w RI,,,Indel frameshift or premature stop codon (LoF),2) Assoc w R - Interim,High-level resistance,No change,,,no,,G,1
Isoniazid,katG,p.Thr203fs,katG_p.Thr203fs,1,frameshift,"(see ""Genomic_coordinates"" sheet)",1.0,1.0,0.0,1.0,0.0,1.0,20846.0,27467.0,0.0,0.0,0.00017694296670111,0.999963594000291,0.999797175631493,0.999999078280314,0.0,0.0,0.975,0.0,0.0,0.975,0.0,0.0,0.975,0.0,0.0,51.3484236392164,1.0,2027.5,5574.0,0.0,0.0,0.0,0.0,51.3484236392164,0.0,0.0,0.00017694296670111,0.999963594000291,0.999797175631493,0.999999078280314,3) Uncertain significance,3) Uncertain significance,ALL+WHO,3) Uncertain significance,1.0,1.0,0.0,1.0,0.0,1.0,13374.0,21312.0,0.0,0.0,0.000275786657608973,0.999953080279641,0.999738608085756,0.999998812096234,0.0,0.0,0.975,0.0,0.0,0.975,0.0,0.0,0.975,0.0,0.0,62.0916370035077,1.0,1642.5,4479.0,0.0,0.0,0.0,0.0,0.0,0.0,0.0,0.0,0.0,0.0,0.0,62.0916370035077,0.0,0.0,0.000275786657608973,0.999953080279641,0.999738608085756,0.999998812096234,,,,,,,Indel frameshift or premature stop codon (LoF),2) Assoc w R - Interim,High-level resistance,No change,,,no,,G,1
Isoniazid,katG,p.Thr394fs,katG_p.Thr394fs,1,frameshift,"(see ""Genomic_coordinates"" sheet)",0.0,0.0,0.0,0.0,1.0,0.0,20845.0,27468.0,4.79708337330902e-05,1.21451561977598e-06,0.000267247072972983,1.0,0.999865711673152,1.0,1.0,0.025,1.0,,,,,,,,,,,3344.0,5574.0,0.0,0.0,inf,0.0337859573643402,inf,0.0,0.0,0.000176951454458875,1.0,0.999865711673152,1.0,3) Uncertain significance,3) Uncertain significance,ALL+WHO,3) Uncertain significance,,,,,,,,,,,,,,,,,,,,,,,,,,,,,,,,0.0,0.0,0.0,0.0,0.0,0.0,0.0,,,,,,,,,,,,,,,,Indel frameshift or premature stop codon (LoF),2) Assoc w R - Interim,High-level resistance,No change,,,no,,G,1
Isoniazid,katG,p.Trp107*,katG_p.Trp107*,1,stop_gained,"(see ""Genomic_coordinates"" sheet)",2.0,1.0,1.0,0.0,1.0,0.0,20845.0,27468.0,4.79708337330902e-05,1.21451561977598e-06,0.000267247072972983,1.0,0.999865711673152,1.0,1.0,0.025,1.0,1.0,0.025,1.0,1.0,0.025,1.0,inf,0.0337859573643402,inf,0.431469139379889,746.0,5574.0,0.0,0.0,inf,0.0337859573643402,inf,4.79708337330902e-05,1.21451561977598e-06,0.000267247072972983,1.0,0.999865711673152,1.0,3) Uncertain significance,3) Uncertain significance,ALL+WHO,3) Uncertain significance,2.0,1.0,1.0,0.0,1.0,0.0,13373.0,21313.0,7.47719455660236e-05,1.89305996861207e-06,0.000416531419540481,1.0,0.999826933785262,1.0,1.0,0.025,1.0,1.0,0.025,1.0,1.0,0.025,1.0,inf,0.0408616897784423,inf,0.385562314411739,597.0,4479.0,0.0,0.0,0.0,0.0,0.0,0.0,0.0,0.0,0.0,inf,0.0408616897784423,inf,7.47719455660236e-05,1.89305996861207e-06,0.000416531419540481,1.0,0.999826933785262,1.0,,,,,,,Indel frameshift or premature stop codon (LoF),2) Assoc w R - Interim,High-level resistance,No change,,,no,,G,1
Isoniazid,katG,p.Trp149*,katG_p.Trp149*,1,stop_gained,"(see ""Genomic_coordinates"" sheet)",0.0,0.0,0.0,0.0,2.0,0.0,20844.0,27468.0,9.59416674661805e-05,1.16191922227078e-05,0.000346530862189542,1.0,0.999865711673152,1.0,1.0,0.158113883008419,1.0,,,,,,,,,,,3140.0,5574.0,0.0,0.0,inf,0.247471899512553,inf,0.0,0.0,0.000176959943030976,1.0,0.999865711673152,1.0,3) Uncertain significance,3) Uncertain significance,ALL+WHO,3) Uncertain significance,0.0,0.0,0.0,0.0,2.0,0.0,13372.0,21313.0,0.000149543891132047,1.81109721013608e-05,0.000540098445265982,1.0,0.999826933785262,1.0,1.0,0.158113883008419,1.0,,,,,,,,,,,2545.0,4479.0,0.0,0.0,0.0,0.0,0.0,0.0,0.0,0.0,0.0,inf,0.299307766452077,inf,0.0,0.0,0.000275827900298067,1.0,0.999826933785262,1.0,,,,Assoc w RI,,,Indel frameshift or premature stop codon (LoF),2) Assoc w R - Interim,High-level resistance,No change,,,no,,G,1
Isoniazid,katG,p.Trp161*,katG_p.Trp161*,1,stop_gained,"(see ""Genomic_coordinates"" sheet)",0.0,0.0,0.0,0.0,1.0,0.0,20845.0,27468.0,4.79708337330902e-05,1.21451561977598e-06,0.000267247072972983,1.0,0.999865711673152,1.0,1.0,0.025,1.0,,,,,,,,,,,3447.0,5574.0,0.0,0.0,inf,0.0337859573643402,inf,0.0,0.0,0.000176951454458875,1.0,0.999865711673152,1.0,3) Uncertain significance,3) Uncertain significance,ALL+WHO,3) Uncertain significance,,,,,,,,,,,,,,,,,,,,,,,,,,,,,,,,0.0,0.0,0.0,0.0,0.0,0.0,0.0,,,,,,,,,,,,,Assoc w RI,,,Indel frameshift or premature stop codon (LoF),2) Assoc w R - Interim,High-level resistance,No change,,,no,,G,1
Isoniazid,katG,p.Trp198fs,katG_p.Trp198fs,1,frameshift,"(see ""Genomic_coordinates"" sheet)",0.0,0.0,0.0,0.0,1.0,0.0,20845.0,27468.0,4.79708337330902e-05,1.21451561977598e-06,0.000267247072972983,1.0,0.999865711673152,1.0,1.0,0.025,1.0,,,,,,,,,,,3237.0,5574.0,0.0,0.0,inf,0.0337859573643402,inf,0.0,0.0,0.000176951454458875,1.0,0.999865711673152,1.0,3) Uncertain significance,3) Uncertain significance,ALL+WHO,3) Uncertain significance,,,,,,,,,,,,,,,,,,,,,,,,,,,,,,,,0.0,0.0,0.0,0.0,0.0,0.0,0.0,,,,,,,,,,,,,,,,Indel frameshift or premature stop codon (LoF),2) Assoc w R - Interim,High-level resistance,No change,,,no,,G,1
Isoniazid,katG,p.Trp198*,katG_p.Trp198*,1,stop_gained,"(see ""Genomic_coordinates"" sheet)",2.0,1.0,1.0,0.0,2.0,0.0,20844.0,27468.0,9.59416674661805e-05,1.16191922227078e-05,0.000346530862189542,1.0,0.999865711673152,1.0,1.0,0.158113883008419,1.0,1.0,0.025,1.0,1.0,0.025,1.0,inf,0.0337875782094303,inf,0.431457371721896,645.0,5574.0,0.0,0.0,inf,0.247471899512553,inf,4.79731350443751e-05,1.21457388386244e-06,0.000267259892247036,1.0,0.999865711673152,1.0,3) Uncertain significance,3) Uncertain significance,ALL+WHO,3) Uncertain significance,0.0,0.0,0.0,0.0,1.0,0.0,13373.0,21313.0,7.47719455660236e-05,1.89305996861207e-06,0.000416531419540481,1.0,0.999826933785262,1.0,1.0,0.025,1.0,,,,,,,,,,,2838.0,4479.0,0.0,0.0,0.0,0.0,0.0,0.0,0.0,0.0,0.0,inf,0.0408616897784423,inf,0.0,0.0,0.000275807277411719,1.0,0.999826933785262,1.0,,,,Assoc w RI,,,Indel frameshift or premature stop codon (LoF),2) Assoc w R - Interim,High-level resistance,No change,,,no,,G,1
Isoniazid,katG,p.Trp204*,katG_p.Trp204*,1,stop_gained,"(see ""Genomic_coordinates"" sheet)",2.0,1.0,1.0,0.0,1.0,0.0,20845.0,27468.0,4.79708337330902e-05,1.21451561977598e-06,0.000267247072972983,1.0,0.999865711673152,1.0,1.0,0.025,1.0,1.0,0.025,1.0,1.0,0.025,1.0,inf,0.0337859573643402,inf,0.431469139379889,746.0,5574.0,0.0,0.0,inf,0.0337859573643402,inf,4.79708337330902e-05,1.21451561977598e-06,0.000267247072972983,1.0,0.999865711673152,1.0,3) Uncertain significance,3) Uncertain significance,ALL+WHO,3) Uncertain significance,2.0,1.0,1.0,0.0,1.0,0.0,13373.0,21313.0,7.47719455660236e-05,1.89305996861207e-06,0.000416531419540481,1.0,0.999826933785262,1.0,1.0,0.025,1.0,1.0,0.025,1.0,1.0,0.025,1.0,inf,0.0408616897784423,inf,0.385562314411739,597.0,4479.0,0.0,0.0,0.0,0.0,0.0,0.0,0.0,0.0,0.0,inf,0.0408616897784423,inf,7.47719455660236e-05,1.89305996861207e-06,0.000416531419540481,1.0,0.999826933785262,1.0,,,,Assoc w RI,,,Indel frameshift or premature stop codon (LoF),2) Assoc w R - Interim,High-level resistance,No change,,,no,,G,1
Isoniazid,katG,p.Trp300*,katG_p.Trp300*,1,stop_gained,"(see ""Genomic_coordinates"" sheet)",0.0,0.0,0.0,0.0,1.0,0.0,20845.0,27468.0,4.79708337330902e-05,1.21451561977598e-06,0.000267247072972983,1.0,0.999865711673152,1.0,1.0,0.025,1.0,,,,,,,,,,,3016.0,5574.0,0.0,0.0,inf,0.0337859573643402,inf,0.0,0.0,0.000176951454458875,1.0,0.999865711673152,1.0,3) Uncertain significance,3) Uncertain significance,ALL+WHO,3) Uncertain significance,,,,,,,,,,,,,,,,,,,,,,,,,,,,,,,,0.0,0.0,0.0,0.0,0.0,0.0,0.0,,,,,,,,,,,,,,,,Indel frameshift or premature stop codon (LoF),2) Assoc w R - Interim,High-level resistance,No change,,,no,,G,1
Isoniazid,katG,p.Trp321*,katG_p.Trp321*,1,stop_gained,"(see ""Genomic_coordinates"" sheet)",1.0,1.0,1.0,0.0,2.0,0.0,20844.0,27468.0,9.59416674661805e-05,1.16191922227078e-05,0.000346530862189542,1.0,0.999865711673152,1.0,1.0,0.158113883008419,1.0,1.0,0.025,1.0,1.0,0.025,1.0,inf,0.0337875782094303,inf,0.431457371721896,645.0,5574.0,0.0,0.0,inf,0.247471899512553,inf,4.79731350443751e-05,1.21457388386244e-06,0.000267259892247036,1.0,0.999865711673152,1.0,3) Uncertain significance,3) Uncertain significance,ALL+WHO,3) Uncertain significance,1.0,1.0,1.0,0.0,1.0,0.0,13373.0,21313.0,7.47719455660236e-05,1.89305996861207e-06,0.000416531419540481,1.0,0.999826933785262,1.0,1.0,0.025,1.0,1.0,0.025,1.0,1.0,0.025,1.0,inf,0.0408616897784423,inf,0.385562314411739,597.0,4479.0,0.0,0.0,0.0,0.0,0.0,0.0,0.0,0.0,0.0,inf,0.0408616897784423,inf,7.47719455660236e-05,1.89305996861207e-06,0.000416531419540481,1.0,0.999826933785262,1.0,1.0,,,Assoc w RI,,,Indel frameshift or premature stop codon (LoF),2) Assoc w R - Interim,High-level resistance,No change,,,no,,G,1
Isoniazid,katG,p.Trp328Leu,katG_p.Trp328Leu,1,missense_variant,"(see ""Genomic_coordinates"" sheet)",1.0,12.0,12.0,0.0,12.0,0.0,20834.0,27468.0,0.000575650004797083,0.000297481006307132,0.00100532857413147,1.0,0.999865711673152,1.0,1.0,0.735351530602948,1.0,1.0,0.735351530602948,1.0,1.0,0.735351530602948,1.0,inf,3.66300284077067,inf,4.15541995199012e-05,55.0,5574.0,1.0,0.0,inf,3.66300284077067,inf,0.000575650004797083,0.000297481006307132,0.00100532857413147,1.0,0.999865711673152,1.0,1) Assoc w R,1) Assoc w R,ALL+WHO,1) Assoc w R,1.0,9.0,9.0,0.0,9.0,0.0,13365.0,21313.0,0.000672947510094212,0.000307759154923187,0.00127707788784856,1.0,0.999826933785262,1.0,1.0,0.663732883120057,1.0,1.0,0.663732883120057,1.0,1.0,0.663732883120057,1.0,inf,3.14671336895126,inf,0.000187989113615184,39.0,4479.0,1.0,0.0,0.0,0.0,0.0,0.0,0.0,0.0,0.0,inf,3.14671336895126,inf,0.000672947510094212,0.000307759154923187,0.00127707788784856,1.0,0.999826933785262,1.0,,,,Assoc w R,,,,1) Assoc w R,High-level resistance,No change,,,yes,,G,1
Isoniazid,katG,p.Trp351fs,katG_p.Trp351fs,1,frameshift,"(see ""Genomic_coordinates"" sheet)",0.0,0.0,0.0,0.0,1.0,0.0,20845.0,27468.0,4.79708337330902e-05,1.21451561977598e-06,0.000267247072972983,1.0,0.999865711673152,1.0,1.0,0.025,1.0,,,,,,,,,,,3298.0,5574.0,0.0,0.0,inf,0.0337859573643402,inf,0.0,0.0,0.000176951454458875,1.0,0.999865711673152,1.0,3) Uncertain significance,3) Uncertain significance,ALL+WHO,3) Uncertain significance,0.0,0.0,0.0,0.0,1.0,0.0,13373.0,21313.0,7.47719455660236e-05,1.89305996861207e-06,0.000416531419540481,1.0,0.999826933785262,1.0,1.0,0.025,1.0,,,,,,,,,,,2669.0,4479.0,0.0,0.0,0.0,0.0,0.0,0.0,0.0,0.0,0.0,inf,0.0408616897784423,inf,0.0,0.0,0.000275807277411719,1.0,0.999826933785262,1.0,,,,,,,Indel frameshift or premature stop codon (LoF),2) Assoc w R - Interim,High-level resistance,No change,,,no,,G,1
Isoniazid,katG,p.Trp351*,katG_p.Trp351*,1,stop_gained,"(see ""Genomic_coordinates"" sheet)",2.0,1.0,1.0,0.0,2.0,0.0,20844.0,27468.0,9.59416674661805e-05,1.16191922227078e-05,0.000346530862189542,1.0,0.999865711673152,1.0,1.0,0.158113883008419,1.0,1.0,0.025,1.0,1.0,0.025,1.0,inf,0.0337875782094303,inf,0.431457371721896,645.0,5574.0,0.0,0.0,inf,0.247471899512553,inf,4.79731350443751e-05,1.21457388386244e-06,0.000267259892247036,1.0,0.999865711673152,1.0,3) Uncertain significance,3) Uncertain significance,ALL+WHO,3) Uncertain significance,2.0,1.0,1.0,0.0,1.0,0.0,13373.0,21313.0,7.47719455660236e-05,1.89305996861207e-06,0.000416531419540481,1.0,0.999826933785262,1.0,1.0,0.025,1.0,1.0,0.025,1.0,1.0,0.025,1.0,inf,0.0408616897784423,inf,0.385562314411739,597.0,4479.0,0.0,0.0,0.0,0.0,0.0,0.0,0.0,0.0,0.0,inf,0.0408616897784423,inf,7.47719455660236e-05,1.89305996861207e-06,0.000416531419540481,1.0,0.999826933785262,1.0,,,,Assoc w RI,,,Indel frameshift or premature stop codon (LoF),2) Assoc w R - Interim,High-level resistance,No change,,,no,,G,1
Isoniazid,katG,p.Trp397*,katG_p.Trp397*,1,stop_gained,"(see ""Genomic_coordinates"" sheet)",0.0,0.0,0.0,0.0,1.0,0.0,20845.0,27468.0,4.79708337330902e-05,1.21451561977598e-06,0.000267247072972983,1.0,0.999865711673152,1.0,1.0,0.025,1.0,,,,,,,,,,,3045.0,5574.0,0.0,0.0,inf,0.0337859573643402,inf,0.0,0.0,0.000176951454458875,1.0,0.999865711673152,1.0,3) Uncertain significance,3) Uncertain significance,ALL+WHO,3) Uncertain significance,0.0,0.0,0.0,0.0,1.0,0.0,13373.0,21313.0,7.47719455660236e-05,1.89305996861207e-06,0.000416531419540481,1.0,0.999826933785262,1.0,1.0,0.025,1.0,,,,,,,,,,,2476.0,4479.0,0.0,0.0,0.0,0.0,0.0,0.0,0.0,0.0,0.0,inf,0.0408616897784423,inf,0.0,0.0,0.000275807277411719,1.0,0.999826933785262,1.0,,,,,,,Indel frameshift or premature stop codon (LoF),2) Assoc w R - Interim,High-level resistance,No change,,,no,,G,1
Isoniazid,katG,p.Trp39fs,katG_p.Trp39fs,1,frameshift,"(see ""Genomic_coordinates"" sheet)",1.0,1.0,1.0,0.0,1.0,0.0,20845.0,27468.0,4.79708337330902e-05,1.21451561977598e-06,0.000267247072972983,1.0,0.999865711673152,1.0,1.0,0.025,1.0,1.0,0.025,1.0,1.0,0.025,1.0,inf,0.0337859573643402,inf,0.431469139379889,746.0,5574.0,0.0,0.0,inf,0.0337859573643402,inf,4.79708337330902e-05,1.21451561977598e-06,0.000267247072972983,1.0,0.999865711673152,1.0,3) Uncertain significance,3) Uncertain significance,ALL+WHO,3) Uncertain significance,1.0,1.0,1.0,0.0,1.0,0.0,13373.0,21313.0,7.47719455660236e-05,1.89305996861207e-06,0.000416531419540481,1.0,0.999826933785262,1.0,1.0,0.025,1.0,1.0,0.025,1.0,1.0,0.025,1.0,inf,0.0408616897784423,inf,0.385562314411739,597.0,4479.0,0.0,0.0,0.0,0.0,0.0,0.0,0.0,0.0,0.0,inf,0.0408616897784423,inf,7.47719455660236e-05,1.89305996861207e-06,0.000416531419540481,1.0,0.999826933785262,1.0,,,,,,,Indel frameshift or premature stop codon (LoF),2) Assoc w R - Interim,High-level resistance,No change,,,no,,G,1
Isoniazid,katG,p.Trp39*,katG_p.Trp39*,1,stop_gained,"(see ""Genomic_coordinates"" sheet)",2.0,1.0,1.0,0.0,1.0,0.0,20845.0,27468.0,4.79708337330902e-05,1.21451561977598e-06,0.000267247072972983,1.0,0.999865711673152,1.0,1.0,0.025,1.0,1.0,0.025,1.0,1.0,0.025,1.0,inf,0.0337859573643402,inf,0.431469139379889,746.0,5574.0,0.0,0.0,inf,0.0337859573643402,inf,4.79708337330902e-05,1.21451561977598e-06,0.000267247072972983,1.0,0.999865711673152,1.0,3) Uncertain significance,3) Uncertain significance,ALL+WHO,3) Uncertain significance,2.0,1.0,1.0,0.0,1.0,0.0,13373.0,21313.0,7.47719455660236e-05,1.89305996861207e-06,0.000416531419540481,1.0,0.999826933785262,1.0,1.0,0.025,1.0,1.0,0.025,1.0,1.0,0.025,1.0,inf,0.0408616897784423,inf,0.385562314411739,597.0,4479.0,0.0,0.0,0.0,0.0,0.0,0.0,0.0,0.0,0.0,inf,0.0408616897784423,inf,7.47719455660236e-05,1.89305996861207e-06,0.000416531419540481,1.0,0.999826933785262,1.0,,,,,,,Indel frameshift or premature stop codon (LoF),2) Assoc w R - Interim,High-level resistance,No change,,,no,,G,1
Isoniazid,katG,p.Trp412*,katG_p.Trp412*,1,stop_gained,"(see ""Genomic_coordinates"" sheet)",1.0,2.0,2.0,0.0,4.0,0.0,20842.0,27468.0,0.000191883334932361,5.22841461271422e-05,0.000491224000965345,1.0,0.999865711673152,1.0,1.0,0.397635364383525,1.0,1.0,0.158113883008419,1.0,1.0,0.158113883008419,1.0,inf,0.24749564543886,inf,0.186140231321028,382.5,5574.0,0.0,0.0,inf,0.869878292971449,inf,9.59508731529456e-05,1.16203071146137e-05,0.000346564107961184,1.0,0.999865711673152,1.0,3) Uncertain significance,3) Uncertain significance,ALL+WHO,3) Uncertain significance,1.0,2.0,2.0,0.0,3.0,0.0,13371.0,21313.0,0.00022431583669807,4.6261707448018e-05,0.000655404732399905,1.0,0.999826933785262,1.0,1.0,0.292401773821286,1.0,1.0,0.158113883008419,1.0,1.0,0.158113883008419,1.0,inf,0.299330161198724,inf,0.148637808646281,204.0,4479.0,0.0,0.0,0.0,0.0,0.0,0.0,0.0,0.0,0.0,inf,0.65857349539183,inf,0.000149555073655873,1.81123264336181e-05,0.000540138824607934,1.0,0.999826933785262,1.0,,,,Assoc w RI,,,Indel frameshift or premature stop codon (LoF),2) Assoc w R - Interim,High-level resistance,No change,AwRI by relaxed thresholds (not endorsed),,no,,"G, O",1
Isoniazid,katG,p.Trp438*,katG_p.Trp438*,1,stop_gained,"(see ""Genomic_coordinates"" sheet)",1.0,1.0,1.0,0.0,3.0,0.0,20843.0,27468.0,0.00014391250119927,2.96792008899536e-05,0.000420515224128061,1.0,0.999865711673152,1.0,1.0,0.292401773821286,1.0,1.0,0.025,1.0,1.0,0.025,1.0,inf,0.0337891992100405,inf,0.431445603576751,617.5,5574.0,0.0,0.0,inf,0.544526627735454,inf,4.79754365764728e-05,1.21463215353938e-06,0.000267272712750976,1.0,0.999865711673152,1.0,3) Uncertain significance,3) Uncertain significance,ALL+WHO,3) Uncertain significance,1.0,1.0,1.0,0.0,3.0,0.0,13371.0,21313.0,0.00022431583669807,4.6261707448018e-05,0.000655404732399905,1.0,0.999826933785262,1.0,1.0,0.292401773821286,1.0,1.0,0.025,1.0,1.0,0.025,1.0,inf,0.0408678013770354,inf,0.385526884820527,489.5,4479.0,0.0,0.0,0.0,0.0,0.0,0.0,0.0,0.0,0.0,inf,0.65857349539183,inf,7.47831289261142e-05,1.89334310623943e-06,0.000416593707936992,1.0,0.999826933785262,1.0,,,,Assoc w RI,,,Indel frameshift or premature stop codon (LoF),2) Assoc w R - Interim,High-level resistance,No change,,,no,,G,1
Isoniazid,katG,p.Trp477*,katG_p.Trp477*,1,stop_gained,"(see ""Genomic_coordinates"" sheet)",1.0,3.0,2.0,1.0,3.0,1.0,20843.0,27467.0,0.00014391250119927,2.96792008899536e-05,0.000420515224128061,0.999963594000291,0.999797175631493,0.999999078280314,0.75,0.194120449683243,0.99369053679029,0.666666666666666,0.0942993240502461,0.991596241340387,0.666666666666666,0.0942993240502461,0.991596241340387,2.63560907738809,0.13718999164004,155.35696976537,0.581595476863033,1223.0,5574.0,0.0,0.0,3.95341361608213,0.31739219148065,207.323829234655,9.59462700887503e-05,1.16197496419179e-05,0.000346547484278011,0.999963594000291,0.999797175631493,0.999999078280314,3) Uncertain significance,3) Uncertain significance,ALL+WHO,3) Uncertain significance,1.0,1.0,0.0,1.0,1.0,1.0,13373.0,21312.0,7.47719455660236e-05,1.89305996861207e-06,0.000416531419540481,0.999953080279641,0.999738608085756,0.999998812096234,0.5,0.012579117093425,0.987420882906574,0.0,0.0,0.975,0.0,0.0,0.975,0.0,0.0,62.0962755582318,1.0,1642.5,4479.0,0.0,0.0,0.0,0.0,0.0,0.0,0.0,0.0,0.0,1.59365886487699,0.0203005577541163,124.983813232444,0.0,0.0,0.000275807277411719,0.999953080279641,0.999738608085756,0.999998812096234,,,,Assoc w RI,,,Indel frameshift or premature stop codon (LoF),2) Assoc w R - Interim,High-level resistance,No change,AwRI by relaxed thresholds (not endorsed),,no,,"G, O",1
Isoniazid,katG,p.Trp505fs,katG_p.Trp505fs,1,frameshift,"(see ""Genomic_coordinates"" sheet)",0.0,0.0,0.0,0.0,1.0,0.0,20845.0,27468.0,4.79708337330902e-05,1.21451561977598e-06,0.000267247072972983,1.0,0.999865711673152,1.0,1.0,0.025,1.0,,,,,,,,,,,3373.0,5574.0,0.0,0.0,inf,0.0337859573643402,inf,0.0,0.0,0.000176951454458875,1.0,0.999865711673152,1.0,3) Uncertain significance,3) Uncertain significance,ALL+WHO,3) Uncertain significance,0.0,0.0,0.0,0.0,1.0,0.0,13373.0,21313.0,7.47719455660236e-05,1.89305996861207e-06,0.000416531419540481,1.0,0.999826933785262,1.0,1.0,0.025,1.0,,,,,,,,,,,2727.0,4479.0,0.0,0.0,0.0,0.0,0.0,0.0,0.0,0.0,0.0,inf,0.0408616897784423,inf,0.0,0.0,0.000275807277411719,1.0,0.999826933785262,1.0,,,,,,,Indel frameshift or premature stop codon (LoF),2) Assoc w R - Interim,High-level resistance,No change,,,no,,G,1
Isoniazid,katG,p.Trp505*,katG_p.Trp505*,1,stop_gained,"(see ""Genomic_coordinates"" sheet)",1.0,1.0,1.0,0.0,2.0,0.0,20844.0,27468.0,9.59416674661805e-05,1.16191922227078e-05,0.000346530862189542,1.0,0.999865711673152,1.0,1.0,0.158113883008419,1.0,1.0,0.025,1.0,1.0,0.025,1.0,inf,0.0337875782094303,inf,0.431457371721896,645.0,5574.0,0.0,0.0,inf,0.247471899512553,inf,4.79731350443751e-05,1.21457388386244e-06,0.000267259892247036,1.0,0.999865711673152,1.0,3) Uncertain significance,3) Uncertain significance,ALL+WHO,3) Uncertain significance,1.0,1.0,1.0,0.0,2.0,0.0,13372.0,21313.0,0.000149543891132047,1.81109721013608e-05,0.000540098445265982,1.0,0.999826933785262,1.0,1.0,0.158113883008419,1.0,1.0,0.025,1.0,1.0,0.025,1.0,inf,0.040864745349235,inf,0.385544600126852,512.0,4479.0,0.0,0.0,0.0,0.0,0.0,0.0,0.0,0.0,0.0,inf,0.299307766452077,inf,7.47775368279368e-05,1.89320152683959e-06,0.000416562561410248,1.0,0.999826933785262,1.0,,,,Assoc w RI,,,Indel frameshift or premature stop codon (LoF),2) Assoc w R - Interim,High-level resistance,No change,,,no,,G,1
Isoniazid,katG,p.Trp668fs,katG_p.Trp668fs,1,frameshift,"(see ""Genomic_coordinates"" sheet)",0.0,0.0,0.0,0.0,1.0,0.0,20845.0,27468.0,4.79708337330902e-05,1.21451561977598e-06,0.000267247072972983,1.0,0.999865711673152,1.0,1.0,0.025,1.0,,,,,,,,,,,3000.0,5574.0,0.0,0.0,inf,0.0337859573643402,inf,0.0,0.0,0.000176951454458875,1.0,0.999865711673152,1.0,3) Uncertain significance,3) Uncertain significance,ALL+WHO,3) Uncertain significance,0.0,0.0,0.0,0.0,1.0,0.0,13373.0,21313.0,7.47719455660236e-05,1.89305996861207e-06,0.000416531419540481,1.0,0.999826933785262,1.0,1.0,0.025,1.0,,,,,,,,,,,2443.0,4479.0,0.0,0.0,0.0,0.0,0.0,0.0,0.0,0.0,0.0,inf,0.0408616897784423,inf,0.0,0.0,0.000275807277411719,1.0,0.999826933785262,1.0,,,,,,,Indel frameshift or premature stop codon (LoF),2) Assoc w R - Interim,High-level resistance,No change,,,no,,G,1
Isoniazid,katG,p.Trp668*,katG_p.Trp668*,1,stop_gained,"(see ""Genomic_coordinates"" sheet)",1.0,1.0,1.0,0.0,2.0,0.0,20844.0,27468.0,9.59416674661805e-05,1.16191922227078e-05,0.000346530862189542,1.0,0.999865711673152,1.0,1.0,0.158113883008419,1.0,1.0,0.025,1.0,1.0,0.025,1.0,inf,0.0337875782094303,inf,0.431457371721896,645.0,5574.0,0.0,0.0,inf,0.247471899512553,inf,4.79731350443751e-05,1.21457388386244e-06,0.000267259892247036,1.0,0.999865711673152,1.0,3) Uncertain significance,3) Uncertain significance,ALL+WHO,3) Uncertain significance,,,,,,,,,,,,,,,,,,,,,,,,,,,,,,,,0.0,0.0,0.0,0.0,0.0,0.0,0.0,,,,,,,,,,,,,Assoc w RI,,,Indel frameshift or premature stop codon (LoF),2) Assoc w R - Interim,High-level resistance,No change,,,no,,G,1
Isoniazid,katG,p.Trp689fs,katG_p.Trp689fs,1,frameshift,"(see ""Genomic_coordinates"" sheet)",2.0,1.0,1.0,0.0,1.0,0.0,20845.0,27468.0,4.79708337330902e-05,1.21451561977598e-06,0.000267247072972983,1.0,0.999865711673152,1.0,1.0,0.025,1.0,1.0,0.025,1.0,1.0,0.025,1.0,inf,0.0337859573643402,inf,0.431469139379889,746.0,5574.0,0.0,0.0,inf,0.0337859573643402,inf,4.79708337330902e-05,1.21451561977598e-06,0.000267247072972983,1.0,0.999865711673152,1.0,3) Uncertain significance,3) Uncertain significance,ALL+WHO,3) Uncertain significance,2.0,1.0,1.0,0.0,1.0,0.0,13373.0,21313.0,7.47719455660236e-05,1.89305996861207e-06,0.000416531419540481,1.0,0.999826933785262,1.0,1.0,0.025,1.0,1.0,0.025,1.0,1.0,0.025,1.0,inf,0.0408616897784423,inf,0.385562314411739,597.0,4479.0,0.0,0.0,0.0,0.0,0.0,0.0,0.0,0.0,0.0,inf,0.0408616897784423,inf,7.47719455660236e-05,1.89305996861207e-06,0.000416531419540481,1.0,0.999826933785262,1.0,,,,,,,Indel frameshift or premature stop codon (LoF),2) Assoc w R - Interim,High-level resistance,No change,,,no,,G,1
Isoniazid,katG,p.Trp689*,katG_p.Trp689*,1,stop_gained,"(see ""Genomic_coordinates"" sheet)",2.0,1.0,1.0,0.0,1.0,0.0,20845.0,27468.0,4.79708337330902e-05,1.21451561977598e-06,0.000267247072972983,1.0,0.999865711673152,1.0,1.0,0.025,1.0,1.0,0.025,1.0,1.0,0.025,1.0,inf,0.0337859573643402,inf,0.431469139379889,746.0,5574.0,0.0,0.0,inf,0.0337859573643402,inf,4.79708337330902e-05,1.21451561977598e-06,0.000267247072972983,1.0,0.999865711673152,1.0,3) Uncertain significance,3) Uncertain significance,ALL+WHO,3) Uncertain significance,2.0,1.0,1.0,0.0,1.0,0.0,13373.0,21313.0,7.47719455660236e-05,1.89305996861207e-06,0.000416531419540481,1.0,0.999826933785262,1.0,1.0,0.025,1.0,1.0,0.025,1.0,1.0,0.025,1.0,inf,0.0408616897784423,inf,0.385562314411739,597.0,4479.0,0.0,0.0,0.0,0.0,0.0,0.0,0.0,0.0,0.0,inf,0.0408616897784423,inf,7.47719455660236e-05,1.89305996861207e-06,0.000416531419540481,1.0,0.999826933785262,1.0,,,,Assoc w RI,,,Indel frameshift or premature stop codon (LoF),2) Assoc w R - Interim,High-level resistance,No change,,,no,,G,1
Isoniazid,katG,p.Trp728*,katG_p.Trp728*,1,stop_gained,"(see ""Genomic_coordinates"" sheet)",0.0,0.0,0.0,0.0,1.0,0.0,20845.0,27468.0,4.79708337330902e-05,1.21451561977598e-06,0.000267247072972983,1.0,0.999865711673152,1.0,1.0,0.025,1.0,,,,,,,,,,,3419.0,5574.0,0.0,0.0,inf,0.0337859573643402,inf,0.0,0.0,0.000176951454458875,1.0,0.999865711673152,1.0,3) Uncertain significance,3) Uncertain significance,ALL+WHO,3) Uncertain significance,0.0,0.0,0.0,0.0,1.0,0.0,13373.0,21313.0,7.47719455660236e-05,1.89305996861207e-06,0.000416531419540481,1.0,0.999826933785262,1.0,1.0,0.025,1.0,,,,,,,,,,,2767.0,4479.0,0.0,0.0,0.0,0.0,0.0,0.0,0.0,0.0,0.0,inf,0.0408616897784423,inf,0.0,0.0,0.000275807277411719,1.0,0.999826933785262,1.0,1.0,,,,,,Indel frameshift or premature stop codon (LoF),2) Assoc w R - Interim,High-level resistance,No change,,,no,,G,1
Isoniazid,katG,p.Trp90*,katG_p.Trp90*,1,stop_gained,"(see ""Genomic_coordinates"" sheet)",1.0,1.0,1.0,0.0,1.0,0.0,20845.0,27468.0,4.79708337330902e-05,1.21451561977598e-06,0.000267247072972983,1.0,0.999865711673152,1.0,1.0,0.025,1.0,1.0,0.025,1.0,1.0,0.025,1.0,inf,0.0337859573643402,inf,0.431469139379889,746.0,5574.0,0.0,0.0,inf,0.0337859573643402,inf,4.79708337330902e-05,1.21451561977598e-06,0.000267247072972983,1.0,0.999865711673152,1.0,3) Uncertain significance,3) Uncertain significance,ALL+WHO,3) Uncertain significance,1.0,1.0,1.0,0.0,1.0,0.0,13373.0,21313.0,7.47719455660236e-05,1.89305996861207e-06,0.000416531419540481,1.0,0.999826933785262,1.0,1.0,0.025,1.0,1.0,0.025,1.0,1.0,0.025,1.0,inf,0.0408616897784423,inf,0.385562314411739,597.0,4479.0,0.0,0.0,0.0,0.0,0.0,0.0,0.0,0.0,0.0,inf,0.0408616897784423,inf,7.47719455660236e-05,1.89305996861207e-06,0.000416531419540481,1.0,0.999826933785262,1.0,,,,,,,Indel frameshift or premature stop codon (LoF),2) Assoc w R - Interim,High-level resistance,No change,,,no,,G,1
Isoniazid,katG,p.Tyr113*,katG_p.Tyr113*,1,stop_gained,"(see ""Genomic_coordinates"" sheet)",2.0,1.0,1.0,0.0,1.0,0.0,20845.0,27468.0,4.79708337330902e-05,1.21451561977598e-06,0.000267247072972983,1.0,0.999865711673152,1.0,1.0,0.025,1.0,1.0,0.025,1.0,1.0,0.025,1.0,inf,0.0337859573643402,inf,0.431469139379889,746.0,5574.0,0.0,0.0,inf,0.0337859573643402,inf,4.79708337330902e-05,1.21451561977598e-06,0.000267247072972983,1.0,0.999865711673152,1.0,3) Uncertain significance,3) Uncertain significance,ALL+WHO,3) Uncertain significance,2.0,1.0,1.0,0.0,1.0,0.0,13373.0,21313.0,7.47719455660236e-05,1.89305996861207e-06,0.000416531419540481,1.0,0.999826933785262,1.0,1.0,0.025,1.0,1.0,0.025,1.0,1.0,0.025,1.0,inf,0.0408616897784423,inf,0.385562314411739,597.0,4479.0,0.0,0.0,0.0,0.0,0.0,0.0,0.0,0.0,0.0,inf,0.0408616897784423,inf,7.47719455660236e-05,1.89305996861207e-06,0.000416531419540481,1.0,0.999826933785262,1.0,,,,,,,Indel frameshift or premature stop codon (LoF),2) Assoc w R - Interim,High-level resistance,No change,,,no,,G,1
Isoniazid,katG,p.Tyr155*,katG_p.Tyr155*,1,stop_gained,"(see ""Genomic_coordinates"" sheet)",2.0,1.0,1.0,0.0,1.0,0.0,20845.0,27468.0,4.79708337330902e-05,1.21451561977598e-06,0.000267247072972983,1.0,0.999865711673152,1.0,1.0,0.025,1.0,1.0,0.025,1.0,1.0,0.025,1.0,inf,0.0337859573643402,inf,0.431469139379889,746.0,5574.0,0.0,0.0,inf,0.0337859573643402,inf,4.79708337330902e-05,1.21451561977598e-06,0.000267247072972983,1.0,0.999865711673152,1.0,3) Uncertain significance,3) Uncertain significance,ALL+WHO,3) Uncertain significance,,,,,,,,,,,,,,,,,,,,,,,,,,,,,,,,0.0,0.0,0.0,0.0,0.0,0.0,0.0,,,,,,,,,,,,,Assoc w RI,,,Indel frameshift or premature stop codon (LoF),2) Assoc w R - Interim,High-level resistance,No change,,,no,,G,1
Isoniazid,katG,p.Tyr197fs,katG_p.Tyr197fs,1,frameshift,"(see ""Genomic_coordinates"" sheet)",1.0,1.0,1.0,0.0,1.0,0.0,20845.0,27468.0,4.79708337330902e-05,1.21451561977598e-06,0.000267247072972983,1.0,0.999865711673152,1.0,1.0,0.025,1.0,1.0,0.025,1.0,1.0,0.025,1.0,inf,0.0337859573643402,inf,0.431469139379889,746.0,5574.0,0.0,0.0,inf,0.0337859573643402,inf,4.79708337330902e-05,1.21451561977598e-06,0.000267247072972983,1.0,0.999865711673152,1.0,3) Uncertain significance,3) Uncertain significance,ALL+WHO,3) Uncertain significance,1.0,1.0,1.0,0.0,1.0,0.0,13373.0,21313.0,7.47719455660236e-05,1.89305996861207e-06,0.000416531419540481,1.0,0.999826933785262,1.0,1.0,0.025,1.0,1.0,0.025,1.0,1.0,0.025,1.0,inf,0.0408616897784423,inf,0.385562314411739,597.0,4479.0,0.0,0.0,0.0,0.0,0.0,0.0,0.0,0.0,0.0,inf,0.0408616897784423,inf,7.47719455660236e-05,1.89305996861207e-06,0.000416531419540481,1.0,0.999826933785262,1.0,,,,,,,Indel frameshift or premature stop codon (LoF),2) Assoc w R - Interim,High-level resistance,No change,,,no,,G,1
Isoniazid,katG,p.Tyr28*,katG_p.Tyr28*,1,stop_gained,"(see ""Genomic_coordinates"" sheet)",0.0,0.0,0.0,0.0,1.0,0.0,20845.0,27468.0,4.79708337330902e-05,1.21451561977598e-06,0.000267247072972983,1.0,0.999865711673152,1.0,1.0,0.025,1.0,,,,,,,,,,,3299.0,5574.0,0.0,0.0,inf,0.0337859573643402,inf,0.0,0.0,0.000176951454458875,1.0,0.999865711673152,1.0,3) Uncertain significance,3) Uncertain significance,ALL+WHO,3) Uncertain significance,0.0,0.0,0.0,0.0,1.0,0.0,13373.0,21313.0,7.47719455660236e-05,1.89305996861207e-06,0.000416531419540481,1.0,0.999826933785262,1.0,1.0,0.025,1.0,,,,,,,,,,,2670.0,4479.0,0.0,0.0,0.0,0.0,0.0,0.0,0.0,0.0,0.0,inf,0.0408616897784423,inf,0.0,0.0,0.000275807277411719,1.0,0.999826933785262,1.0,,,,Assoc w RI,,,Indel frameshift or premature stop codon (LoF),2) Assoc w R - Interim,High-level resistance,No change,,,no,,G,1
Isoniazid,katG,p.Tyr339fs,katG_p.Tyr339fs,1,frameshift,"(see ""Genomic_coordinates"" sheet)",1.0,1.0,1.0,0.0,1.0,0.0,20845.0,27468.0,4.79708337330902e-05,1.21451561977598e-06,0.000267247072972983,1.0,0.999865711673152,1.0,1.0,0.025,1.0,1.0,0.025,1.0,1.0,0.025,1.0,inf,0.0337859573643402,inf,0.431469139379889,746.0,5574.0,0.0,0.0,inf,0.0337859573643402,inf,4.79708337330902e-05,1.21451561977598e-06,0.000267247072972983,1.0,0.999865711673152,1.0,3) Uncertain significance,3) Uncertain significance,ALL+WHO,3) Uncertain significance,1.0,1.0,1.0,0.0,1.0,0.0,13373.0,21313.0,7.47719455660236e-05,1.89305996861207e-06,0.000416531419540481,1.0,0.999826933785262,1.0,1.0,0.025,1.0,1.0,0.025,1.0,1.0,0.025,1.0,inf,0.0408616897784423,inf,0.385562314411739,597.0,4479.0,0.0,0.0,0.0,0.0,0.0,0.0,0.0,0.0,0.0,inf,0.0408616897784423,inf,7.47719455660236e-05,1.89305996861207e-06,0.000416531419540481,1.0,0.999826933785262,1.0,,,,,,,Indel frameshift or premature stop codon (LoF),2) Assoc w R - Interim,High-level resistance,No change,,,no,,G,1
Isoniazid,katG,p.Tyr413*,katG_p.Tyr413*,1,stop_gained,"(see ""Genomic_coordinates"" sheet)",0.0,0.0,0.0,0.0,1.0,0.0,20845.0,27468.0,4.79708337330902e-05,1.21451561977598e-06,0.000267247072972983,1.0,0.999865711673152,1.0,1.0,0.025,1.0,,,,,,,,,,,3486.0,5574.0,0.0,0.0,inf,0.0337859573643402,inf,0.0,0.0,0.000176951454458875,1.0,0.999865711673152,1.0,3) Uncertain significance,3) Uncertain significance,ALL+WHO,3) Uncertain significance,0.0,0.0,0.0,0.0,1.0,0.0,13373.0,21313.0,7.47719455660236e-05,1.89305996861207e-06,0.000416531419540481,1.0,0.999826933785262,1.0,1.0,0.025,1.0,,,,,,,,,,,2810.0,4479.0,0.0,0.0,0.0,0.0,0.0,0.0,0.0,0.0,0.0,inf,0.0408616897784423,inf,0.0,0.0,0.000275807277411719,1.0,0.999826933785262,1.0,,,,,,,Indel frameshift or premature stop codon (LoF),2) Assoc w R - Interim,High-level resistance,No change,,,no,,G,1
Isoniazid,katG,p.Tyr95fs,katG_p.Tyr95fs,1,frameshift,"(see ""Genomic_coordinates"" sheet)",0.0,0.0,0.0,0.0,1.0,0.0,20845.0,27468.0,4.79708337330902e-05,1.21451561977598e-06,0.000267247072972983,1.0,0.999865711673152,1.0,1.0,0.025,1.0,,,,,,,,,,,3018.0,5574.0,0.0,0.0,inf,0.0337859573643402,inf,0.0,0.0,0.000176951454458875,1.0,0.999865711673152,1.0,3) Uncertain significance,3) Uncertain significance,ALL+WHO,3) Uncertain significance,,,,,,,,,,,,,,,,,,,,,,,,,,,,,,,,0.0,0.0,0.0,0.0,0.0,0.0,0.0,,,,,,,,,,,,,,,,Indel frameshift or premature stop codon (LoF),2) Assoc w R - Interim,High-level resistance,No change,,,no,,G,1
Isoniazid,katG,p.Val166fs,katG_p.Val166fs,1,frameshift,"(see ""Genomic_coordinates"" sheet)",1.0,1.0,1.0,0.0,1.0,0.0,20845.0,27468.0,4.79708337330902e-05,1.21451561977598e-06,0.000267247072972983,1.0,0.999865711673152,1.0,1.0,0.025,1.0,1.0,0.025,1.0,1.0,0.025,1.0,inf,0.0337859573643402,inf,0.431469139379889,746.0,5574.0,0.0,0.0,inf,0.0337859573643402,inf,4.79708337330902e-05,1.21451561977598e-06,0.000267247072972983,1.0,0.999865711673152,1.0,3) Uncertain significance,3) Uncertain significance,ALL+WHO,3) Uncertain significance,,,,,,,,,,,,,,,,,,,,,,,,,,,,,,,,0.0,0.0,0.0,0.0,0.0,0.0,0.0,,,,,,,,,,,,,,,,Indel frameshift or premature stop codon (LoF),2) Assoc w R - Interim,High-level resistance,No change,,,no,,G,1
Isoniazid,katG,p.Val22fs,katG_p.Val22fs,1,frameshift,"(see ""Genomic_coordinates"" sheet)",0.0,0.0,0.0,0.0,4.0,0.0,20842.0,27468.0,0.000191883334932361,5.22841461271422e-05,0.000491224000965345,1.0,0.999865711673152,1.0,1.0,0.397635364383525,1.0,,,,,,,,,,,3331.0,5574.0,0.0,0.0,inf,0.869878292971449,inf,0.0,0.0,0.000176976922618654,1.0,0.999865711673152,1.0,3) Uncertain significance,3) Uncertain significance,ALL+WHO,3) Uncertain significance,,,,,,,,,,,,,,,,,,,,,,,,,,,,,,,,0.0,0.0,0.0,0.0,0.0,0.0,0.0,,,,,,,,,,,,,,,,Indel frameshift or premature stop codon (LoF),2) Assoc w R - Interim,High-level resistance,No change,,,no,,G,1
Isoniazid,katG,p.Val30fs,katG_p.Val30fs,1,frameshift,"(see ""Genomic_coordinates"" sheet)",2.0,1.0,1.0,0.0,1.0,0.0,20845.0,27468.0,4.79708337330902e-05,1.21451561977598e-06,0.000267247072972983,1.0,0.999865711673152,1.0,1.0,0.025,1.0,1.0,0.025,1.0,1.0,0.025,1.0,inf,0.0337859573643402,inf,0.431469139379889,746.0,5574.0,0.0,0.0,inf,0.0337859573643402,inf,4.79708337330902e-05,1.21451561977598e-06,0.000267247072972983,1.0,0.999865711673152,1.0,3) Uncertain significance,3) Uncertain significance,ALL+WHO,3) Uncertain significance,2.0,1.0,1.0,0.0,1.0,0.0,13373.0,21313.0,7.47719455660236e-05,1.89305996861207e-06,0.000416531419540481,1.0,0.999826933785262,1.0,1.0,0.025,1.0,1.0,0.025,1.0,1.0,0.025,1.0,inf,0.0408616897784423,inf,0.385562314411739,597.0,4479.0,0.0,0.0,0.0,0.0,0.0,0.0,0.0,0.0,0.0,inf,0.0408616897784423,inf,7.47719455660236e-05,1.89305996861207e-06,0.000416531419540481,1.0,0.999826933785262,1.0,,,,,,,Indel frameshift or premature stop codon (LoF),2) Assoc w R - Interim,High-level resistance,No change,,,no,,G,1
Isoniazid,katG,p.Val319fs,katG_p.Val319fs,1,frameshift,"(see ""Genomic_coordinates"" sheet)",2.0,1.0,1.0,0.0,1.0,0.0,20845.0,27468.0,4.79708337330902e-05,1.21451561977598e-06,0.000267247072972983,1.0,0.999865711673152,1.0,1.0,0.025,1.0,1.0,0.025,1.0,1.0,0.025,1.0,inf,0.0337859573643402,inf,0.431469139379889,746.0,5574.0,0.0,0.0,inf,0.0337859573643402,inf,4.79708337330902e-05,1.21451561977598e-06,0.000267247072972983,1.0,0.999865711673152,1.0,3) Uncertain significance,3) Uncertain significance,ALL+WHO,3) Uncertain significance,,,,,,,,,,,,,,,,,,,,,,,,,,,,,,,,0.0,0.0,0.0,0.0,0.0,0.0,0.0,,,,,,,,,,,,,,,,Indel frameshift or premature stop codon (LoF),2) Assoc w R - Interim,High-level resistance,No change,,,no,,G,1
Isoniazid,katG,p.Val386fs,katG_p.Val386fs,1,frameshift,"(see ""Genomic_coordinates"" sheet)",2.0,1.0,1.0,0.0,2.0,0.0,20844.0,27468.0,9.59416674661805e-05,1.16191922227078e-05,0.000346530862189542,1.0,0.999865711673152,1.0,1.0,0.158113883008419,1.0,1.0,0.025,1.0,1.0,0.025,1.0,inf,0.0337875782094303,inf,0.431457371721896,645.0,5574.0,0.0,0.0,inf,0.247471899512553,inf,4.79731350443751e-05,1.21457388386244e-06,0.000267259892247036,1.0,0.999865711673152,1.0,3) Uncertain significance,3) Uncertain significance,ALL+WHO,3) Uncertain significance,2.0,1.0,1.0,0.0,2.0,0.0,13372.0,21313.0,0.000149543891132047,1.81109721013608e-05,0.000540098445265982,1.0,0.999826933785262,1.0,1.0,0.158113883008419,1.0,1.0,0.025,1.0,1.0,0.025,1.0,inf,0.040864745349235,inf,0.385544600126852,512.0,4479.0,0.0,0.0,0.0,0.0,0.0,0.0,0.0,0.0,0.0,inf,0.299307766452077,inf,7.47775368279368e-05,1.89320152683959e-06,0.000416562561410248,1.0,0.999826933785262,1.0,,,,,,,Indel frameshift or premature stop codon (LoF),2) Assoc w R - Interim,High-level resistance,No change,,,no,,G,1
Isoniazid,katG,p.Val431fs,katG_p.Val431fs,1,frameshift,"(see ""Genomic_coordinates"" sheet)",1.0,2.0,2.0,0.0,2.0,0.0,20844.0,27468.0,9.59416674661805e-05,1.16191922227078e-05,0.000346530862189542,1.0,0.999865711673152,1.0,1.0,0.158113883008419,1.0,1.0,0.158113883008419,1.0,1.0,0.158113883008419,1.0,inf,0.247471899512553,inf,0.186160540855956,404.0,5574.0,0.0,0.0,inf,0.247471899512553,inf,9.59416674661805e-05,1.16191922227078e-05,0.000346530862189542,1.0,0.999865711673152,1.0,3) Uncertain significance,3) Uncertain significance,ALL+WHO,3) Uncertain significance,1.0,2.0,2.0,0.0,2.0,0.0,13372.0,21313.0,0.000149543891132047,1.81109721013608e-05,0.000540098445265982,1.0,0.999826933785262,1.0,1.0,0.158113883008419,1.0,1.0,0.158113883008419,1.0,1.0,0.158113883008419,1.0,inf,0.299307766452077,inf,0.148651468333857,217.5,4479.0,0.0,0.0,0.0,0.0,0.0,0.0,0.0,0.0,0.0,inf,0.299307766452077,inf,0.000149543891132047,1.81109721013608e-05,0.000540098445265982,1.0,0.999826933785262,1.0,,,,,,,Indel frameshift or premature stop codon (LoF),2) Assoc w R - Interim,High-level resistance,No change,AwRI by relaxed thresholds (not endorsed),,no,,"G, O",1
Isoniazid,katG,p.Val445fs,katG_p.Val445fs,1,frameshift,"(see ""Genomic_coordinates"" sheet)",2.0,1.0,1.0,0.0,1.0,0.0,20845.0,27468.0,4.79708337330902e-05,1.21451561977598e-06,0.000267247072972983,1.0,0.999865711673152,1.0,1.0,0.025,1.0,1.0,0.025,1.0,1.0,0.025,1.0,inf,0.0337859573643402,inf,0.431469139379889,746.0,5574.0,0.0,0.0,inf,0.0337859573643402,inf,4.79708337330902e-05,1.21451561977598e-06,0.000267247072972983,1.0,0.999865711673152,1.0,3) Uncertain significance,3) Uncertain significance,ALL+WHO,3) Uncertain significance,2.0,1.0,1.0,0.0,1.0,0.0,13373.0,21313.0,7.47719455660236e-05,1.89305996861207e-06,0.000416531419540481,1.0,0.999826933785262,1.0,1.0,0.025,1.0,1.0,0.025,1.0,1.0,0.025,1.0,inf,0.0408616897784423,inf,0.385562314411739,597.0,4479.0,0.0,0.0,0.0,0.0,0.0,0.0,0.0,0.0,0.0,inf,0.0408616897784423,inf,7.47719455660236e-05,1.89305996861207e-06,0.000416531419540481,1.0,0.999826933785262,1.0,,,,,,,Indel frameshift or premature stop codon (LoF),2) Assoc w R - Interim,High-level resistance,No change,,,no,,G,1
Isoniazid,katG,p.Val517fs,katG_p.Val517fs,1,frameshift,"(see ""Genomic_coordinates"" sheet)",0.0,0.0,0.0,0.0,2.0,0.0,20844.0,27468.0,9.59416674661805e-05,1.16191922227078e-05,0.000346530862189542,1.0,0.999865711673152,1.0,1.0,0.158113883008419,1.0,,,,,,,,,,,3420.0,5574.0,0.0,0.0,inf,0.247471899512553,inf,0.0,0.0,0.000176959943030976,1.0,0.999865711673152,1.0,3) Uncertain significance,3) Uncertain significance,ALL+WHO,3) Uncertain significance,0.0,0.0,0.0,0.0,1.0,0.0,13373.0,21313.0,7.47719455660236e-05,1.89305996861207e-06,0.000416531419540481,1.0,0.999826933785262,1.0,1.0,0.025,1.0,,,,,,,,,,,2768.0,4479.0,0.0,0.0,0.0,0.0,0.0,0.0,0.0,0.0,0.0,inf,0.0408616897784423,inf,0.0,0.0,0.000275807277411719,1.0,0.999826933785262,1.0,,,,,,,Indel frameshift or premature stop codon (LoF),2) Assoc w R - Interim,High-level resistance,No change,,,no,,G,1
Isoniazid,katG,p.Val538fs,katG_p.Val538fs,1,frameshift,"(see ""Genomic_coordinates"" sheet)",0.0,0.0,0.0,0.0,1.0,1.0,20845.0,27467.0,4.79708337330902e-05,1.21451561977598e-06,0.000267247072972983,0.999963594000291,0.999797175631493,0.999999078280314,0.5,0.012579117093425,0.987420882906574,,,,0.0,0.0,0.975,,,,,3176.0,5574.0,0.0,0.0,1.31767810026385,0.0167927522337569,103.35711725526,0.0,0.0,0.000176951454458875,0.999963594000291,0.999797175631493,0.999999078280314,3) Uncertain significance,3) Uncertain significance,ALL+WHO,3) Uncertain significance,0.0,0.0,0.0,0.0,1.0,1.0,13373.0,21312.0,7.47719455660236e-05,1.89305996861207e-06,0.000416531419540481,0.999953080279641,0.999738608085756,0.999998812096234,0.5,0.012579117093425,0.987420882906574,,,,0.0,0.0,0.975,,,,,2575.0,4479.0,0.0,0.0,0.0,0.0,0.0,0.0,0.0,0.0,0.0,1.59365886487699,0.0203005577541163,124.983813232444,0.0,0.0,0.000275807277411719,0.999953080279641,0.999738608085756,0.999998812096234,,,,,,,Indel frameshift or premature stop codon (LoF),2) Assoc w R - Interim,High-level resistance,No change,,,no,,G,1
Isoniazid,katG,p.Val586fs,katG_p.Val586fs,1,frameshift,"(see ""Genomic_coordinates"" sheet)",1.0,1.0,1.0,0.0,1.0,0.0,20845.0,27468.0,4.79708337330902e-05,1.21451561977598e-06,0.000267247072972983,1.0,0.999865711673152,1.0,1.0,0.025,1.0,1.0,0.025,1.0,1.0,0.025,1.0,inf,0.0337859573643402,inf,0.431469139379889,746.0,5574.0,0.0,0.0,inf,0.0337859573643402,inf,4.79708337330902e-05,1.21451561977598e-06,0.000267247072972983,1.0,0.999865711673152,1.0,3) Uncertain significance,3) Uncertain significance,ALL+WHO,3) Uncertain significance,1.0,1.0,1.0,0.0,1.0,0.0,13373.0,21313.0,7.47719455660236e-05,1.89305996861207e-06,0.000416531419540481,1.0,0.999826933785262,1.0,1.0,0.025,1.0,1.0,0.025,1.0,1.0,0.025,1.0,inf,0.0408616897784423,inf,0.385562314411739,597.0,4479.0,0.0,0.0,0.0,0.0,0.0,0.0,0.0,0.0,0.0,inf,0.0408616897784423,inf,7.47719455660236e-05,1.89305996861207e-06,0.000416531419540481,1.0,0.999826933785262,1.0,,,,,,,Indel frameshift or premature stop codon (LoF),2) Assoc w R - Interim,High-level resistance,No change,,,no,,G,1
Isoniazid,katG,p.Val83fs,katG_p.Val83fs,1,frameshift,"(see ""Genomic_coordinates"" sheet)",2.0,1.0,1.0,0.0,1.0,0.0,20845.0,27468.0,4.79708337330902e-05,1.21451561977598e-06,0.000267247072972983,1.0,0.999865711673152,1.0,1.0,0.025,1.0,1.0,0.025,1.0,1.0,0.025,1.0,inf,0.0337859573643402,inf,0.431469139379889,746.0,5574.0,0.0,0.0,inf,0.0337859573643402,inf,4.79708337330902e-05,1.21451561977598e-06,0.000267247072972983,1.0,0.999865711673152,1.0,3) Uncertain significance,3) Uncertain significance,ALL+WHO,3) Uncertain significance,2.0,1.0,1.0,0.0,1.0,0.0,13373.0,21313.0,7.47719455660236e-05,1.89305996861207e-06,0.000416531419540481,1.0,0.999826933785262,1.0,1.0,0.025,1.0,1.0,0.025,1.0,1.0,0.025,1.0,inf,0.0408616897784423,inf,0.385562314411739,597.0,4479.0,0.0,0.0,0.0,0.0,0.0,0.0,0.0,0.0,0.0,inf,0.0408616897784423,inf,7.47719455660236e-05,1.89305996861207e-06,0.000416531419540481,1.0,0.999826933785262,1.0,,,,,,,Indel frameshift or premature stop codon (LoF),2) Assoc w R - Interim,High-level resistance,No change,,,no,,G,1
Rifampicin,rpoB,p.Ala451Gly,rpoB_p.Ala451Gly,1,missense_variant,"(see ""Genomic_coordinates"" sheet)",0.0,0.0,0.0,0.0,2.0,0.0,16808.0,30532.0,0.000118976799524092,1.44089671711117e-05,0.000429718322928454,1.0,0.999879187193184,1.0,1.0,0.158113883008419,1.0,,,,,,,,,,,2436.0,4649.0,0.0,0.0,inf,0.341150751115529,inf,0.0,0.0,0.000219447565534303,1.0,0.999879187193184,1.0,3) Uncertain significance,3) Uncertain significance,ALL+WHO,3) Uncertain significance,0.0,0.0,0.0,0.0,2.0,0.0,11500.0,23707.0,0.000173882802990784,2.10587078620303e-05,0.000627981827233676,1.0,0.999844409142079,1.0,1.0,0.158113883008419,1.0,,,,,,,,,,,2026.0,3890.0,0.0,0.0,0.0,0.0,0.0,0.0,0.0,0.0,0.0,inf,0.387090251295738,inf,0.0,0.0,0.000320720684566658,1.0,0.999844409142079,1.0,,,RRDR,Assoc w RI,,,RRDR,2) Assoc w R - Interim,,No change,,,yes,RRDR,,1
Rifampicin,rpoB,p.Ala451Val,rpoB_p.Ala451Val,1,missense_variant,"(see ""Genomic_coordinates"" sheet)",1.0,3.0,0.0,3.0,8.0,6.0,16802.0,30526.0,0.000475907198096371,0.00020548462525215,0.000937510381255989,0.999803484868334,0.999572318737888,0.999927879105266,0.571428571428571,0.288609400038307,0.823388910017882,0.0,0.0,0.707598226178713,0.0,0.0,0.4592581264399,0.0,0.0,4.39721399938401,0.55691846275574,773.0,4649.0,0.0,0.0,2.42241003055191,0.736904648363765,8.47137542367508,0.0,0.0,0.000219525921733526,0.999803484868334,0.999572318737888,0.999927879105266,3) Uncertain significance,3) Uncertain significance,ALL+WHO,3) Uncertain significance,1.0,3.0,0.0,3.0,5.0,5.0,11497.0,23702.0,0.00043470700747696,0.000141162766530747,0.00101416710312943,0.999789091829417,0.999507879904061,0.999931515258336,0.5,0.187086028447398,0.812913971552601,0.0,0.0,0.707598226178713,0.0,0.0,0.521823750104981,0.0,0.0,4.98999733770619,0.555673330963813,479.5,3890.0,0.0,0.0,0.0,0.0,0.0,0.0,0.0,0.0,0.0,2.06158128207358,0.474355337248179,8.96017305588707,0.0,0.0,0.000320804359238686,0.999789091829417,0.999507879904061,0.999931515258336,,,RRDR,Assoc w RI,,,RRDR,2) Assoc w R - Interim,,No change,,,yes,RRDR,,1
Rifampicin,rpoB,p.Arg448Gln,rpoB_p.Arg448Gln,1,missense_variant,"(see ""Genomic_coordinates"" sheet)",2.0,2.0,2.0,0.0,10.0,0.0,16800.0,30532.0,0.000594883997620464,0.000285305684944214,0.00109373983334496,1.0,0.999879187193184,1.0,1.0,0.691502892181239,1.0,1.0,0.158113883008419,1.0,1.0,0.158113883008419,1.0,inf,0.341313245514073,inf,0.125996614101011,221.0,4649.0,0.0,0.0,inf,4.07313735951873,inf,0.000119033448399,1.44158279220331e-05,0.000429922894532366,1.0,0.999879187193184,1.0,3) Uncertain significance,3) Uncertain significance,ALL+WHO,3) Uncertain significance,0.0,0.0,0.0,0.0,2.0,0.0,11500.0,23707.0,0.000173882802990784,2.10587078620303e-05,0.000627981827233676,1.0,0.999844409142079,1.0,1.0,0.158113883008419,1.0,,,,,,,,,,,1946.0,3890.0,0.0,0.0,0.0,0.0,0.0,0.0,0.0,0.0,0.0,inf,0.387090251295738,inf,0.0,0.0,0.000320720684566658,1.0,0.999844409142079,1.0,1.0,,RRDR,Assoc w RI,,,RRDR,2) Assoc w R - Interim,,No change,,,yes,RRDR,,1
Rifampicin,rpoB,p.Arg448Leu,rpoB_p.Arg448Leu,1,missense_variant,"(see ""Genomic_coordinates"" sheet)",0.0,0.0,0.0,0.0,1.0,0.0,16809.0,30532.0,5.94883997620464e-05,1.50611474827621e-06,0.000331403082606904,1.0,0.999879187193184,1.0,1.0,0.025,1.0,,,,,,,,,,,2348.0,4649.0,0.0,0.0,inf,0.0465715996825058,inf,0.0,0.0,0.000219434511605659,1.0,0.999879187193184,1.0,3) Uncertain significance,3) Uncertain significance,ALL+WHO,3) Uncertain significance,0.0,0.0,0.0,0.0,1.0,0.0,11501.0,23707.0,8.69414014953921e-05,2.20116328638192e-06,0.000484310228674856,1.0,0.999844409142079,1.0,1.0,0.025,1.0,,,,,,,,,,,1947.0,3890.0,0.0,0.0,0.0,0.0,0.0,0.0,0.0,0.0,0.0,inf,0.0528490600080728,inf,0.0,0.0,0.000320692802708327,1.0,0.999844409142079,1.0,,,RRDR,,,,RRDR,2) Assoc w R - Interim,,No change,,,yes,RRDR,,1
Rifampicin,rpoB,p.Arg448Lys,rpoB_p.Arg448Lys,1,missense_variant,"(see ""Genomic_coordinates"" sheet)",1.0,4.0,4.0,0.0,4.0,0.0,16806.0,30532.0,0.000237953599048185,6.48380309854233e-05,0.0006091426203383,1.0,0.999879187193184,1.0,1.0,0.397635364383525,1.0,1.0,0.397635364383525,1.0,1.0,0.397635364383525,1.0,inf,1.1990579265185,inf,0.0158922163386836,112.5,4649.0,0.0,0.0,inf,1.1990579265185,inf,0.000237953599048185,6.48380309854233e-05,0.0006091426203383,1.0,0.999879187193184,1.0,3) Uncertain significance,3) Uncertain significance,ALL+WHO,3) Uncertain significance,1.0,2.0,2.0,0.0,2.0,0.0,11500.0,23707.0,0.000173882802990784,2.10587078620303e-05,0.000627981827233676,1.0,0.999844409142079,1.0,1.0,0.158113883008419,1.0,1.0,0.158113883008419,1.0,1.0,0.158113883008419,1.0,inf,0.387090251295738,inf,0.10671216244731,152.5,3890.0,0.0,0.0,0.0,0.0,0.0,0.0,0.0,0.0,0.0,inf,0.387090251295738,inf,0.000173882802990784,2.10587078620303e-05,0.000627981827233676,1.0,0.999844409142079,1.0,1.0,,RRDR,Assoc w RI,,Marker of R,RRDR,2) Assoc w R - Interim,,No change,,,yes,RRDR,,1
Rifampicin,rpoB,p.Asn437_Asn438del,rpoB_p.Asn437_Asn438del,1,inframe_deletion,"(see ""Genomic_coordinates"" sheet)",1.0,1.0,1.0,0.0,1.0,0.0,16809.0,30532.0,5.94883997620464e-05,1.50611474827621e-06,0.000331403082606904,1.0,0.999879187193184,1.0,1.0,0.025,1.0,1.0,0.025,1.0,1.0,0.025,1.0,inf,0.0465715996825058,inf,0.355075831185839,416.0,4649.0,0.0,0.0,inf,0.0465715996825058,inf,5.94883997620464e-05,1.50611474827621e-06,0.000331403082606904,1.0,0.999879187193184,1.0,3) Uncertain significance,3) Uncertain significance,ALL+WHO,3) Uncertain significance,1.0,1.0,1.0,0.0,1.0,0.0,11501.0,23707.0,8.69414014953921e-05,2.20116328638192e-06,0.000484310228674856,1.0,0.999844409142079,1.0,1.0,0.025,1.0,1.0,0.025,1.0,1.0,0.025,1.0,inf,0.0528490600080728,inf,0.32667783805277,340.5,3890.0,0.0,0.0,0.0,0.0,0.0,0.0,0.0,0.0,0.0,inf,0.0528490600080728,inf,8.69414014953921e-05,2.20116328638192e-06,0.000484310228674856,1.0,0.999844409142079,1.0,,,RRDR,,,,RRDR,2) Assoc w R - Interim,,No change,,,yes,RRDR,,1
Rifampicin,rpoB,p.Asn437Asp,rpoB_p.Asn437Asp,1,missense_variant,"(see ""Genomic_coordinates"" sheet)",0.0,0.0,0.0,0.0,15.0,6.0,16795.0,30526.0,0.000892325996430696,0.000499511372123772,0.00147132963433071,0.999803484868334,0.999572318737888,0.999927879105266,0.714285714285714,0.478248881752886,0.887190596078059,,,,0.0,0.0,0.4592581264399,,,,,2653.0,4649.0,0.0,0.0,4.54391187853527,1.66555381339007,14.2974340357539,0.0,0.0,0.00021961740805081,0.999803484868334,0.999572318737888,0.999927879105266,3) Uncertain significance,3) Uncertain significance,ALL+WHO,3) Uncertain significance,0.0,0.0,0.0,0.0,6.0,4.0,11496.0,23703.0,0.000521648408972352,0.000191459062774625,0.00113506056981396,0.999831273463534,0.999568049920357,0.99995402584539,0.6,0.262378076606945,0.878447741880172,,,,0.0,0.0,0.602364635616474,,,,,2207.0,3890.0,0.0,0.0,0.0,0.0,0.0,0.0,0.0,0.0,0.0,3.09277139874739,0.733227146198371,14.9003695045189,0.0,0.0,0.000320832260499258,0.999831273463534,0.999568049920357,0.99995402584539,5.0,,RRDR,Assoc w RI,,,RRDR,2) Assoc w R - Interim,,No change,,,yes,RRDR,,1
Rifampicin,rpoB,p.Asn437His,rpoB_p.Asn437His,1,missense_variant,"(see ""Genomic_coordinates"" sheet)",0.0,0.0,0.0,0.0,6.0,0.0,16804.0,30532.0,0.000356930398572278,0.000130998068917797,0.000776724091447791,1.0,0.999879187193184,1.0,1.0,0.540741873560099,1.0,,,,,,,,,,,2377.0,4649.0,0.0,0.0,inf,2.13890645017026,inf,0.0,0.0,0.000219499796783869,1.0,0.999879187193184,1.0,3) Uncertain significance,3) Uncertain significance,ALL+WHO,3) Uncertain significance,0.0,0.0,0.0,0.0,2.0,0.0,11500.0,23707.0,0.000173882802990784,2.10587078620303e-05,0.000627981827233676,1.0,0.999844409142079,1.0,1.0,0.158113883008419,1.0,,,,,,,,,,,1971.0,3890.0,0.0,0.0,0.0,0.0,0.0,0.0,0.0,0.0,0.0,inf,0.387090251295738,inf,0.0,0.0,0.000320720684566658,1.0,0.999844409142079,1.0,,,RRDR,Assoc w RI,,,RRDR,2) Assoc w R - Interim,,No change,,,yes,RRDR,,1
Rifampicin,rpoB,p.Asn437Ile,rpoB_p.Asn437Ile,1,missense_variant,"(see ""Genomic_coordinates"" sheet)",0.0,0.0,0.0,0.0,1.0,0.0,16809.0,30532.0,5.94883997620464e-05,1.50611474827621e-06,0.000331403082606904,1.0,0.999879187193184,1.0,1.0,0.025,1.0,,,,,,,,,,,2479.0,4649.0,0.0,0.0,inf,0.0465715996825058,inf,0.0,0.0,0.000219434511605659,1.0,0.999879187193184,1.0,3) Uncertain significance,3) Uncertain significance,ALL+WHO,3) Uncertain significance,,,,,,,,,,,,,,,,,,,,,,,,,,,,,,,,0.0,0.0,0.0,0.0,0.0,0.0,0.0,,,,,,,,,,,,RRDR,Assoc w RI,,,RRDR,2) Assoc w R - Interim,,No change,,,yes,RRDR,,1
Rifampicin,rpoB,p.Asn437Ser,rpoB_p.Asn437Ser,1,missense_variant,"(see ""Genomic_coordinates"" sheet)",0.0,0.0,0.0,0.0,1.0,3.0,16809.0,30529.0,5.94883997620464e-05,1.50611474827621e-06,0.000331403082606904,0.999901742434167,0.999712876815577,0.99997973646933,0.25,0.00630946320970987,0.805879550316756,,,,0.0,0.0,0.707598226178713,,,,,2452.0,4649.0,0.0,0.0,0.605409800305391,0.0115361654751757,7.54087213596152,0.0,0.0,0.000219434511605659,0.999901742434167,0.999712876815577,0.99997973646933,3) Uncertain significance,3) Uncertain significance,ALL+WHO,3) Uncertain significance,0.0,0.0,0.0,0.0,1.0,1.0,11501.0,23706.0,8.69414014953921e-05,2.20116328638192e-06,0.000484310228674856,0.999957818365883,0.999765001636458,0.999998932054057,0.5,0.012579117093425,0.987420882906574,,,,0.0,0.0,0.975,,,,,2038.0,3890.0,0.0,0.0,0.0,0.0,0.0,0.0,0.0,0.0,0.0,2.06121206851578,0.0262561678399451,161.601678830082,0.0,0.0,0.000320692802708327,0.999957818365883,0.999765001636458,0.999998932054057,,,RRDR,Assoc w RI,,,RRDR,2) Assoc w R - Interim,,No change,,,yes,RRDR,,1
Rifampicin,rpoB,p.Asn437Tyr,rpoB_p.Asn437Tyr,1,missense_variant,"(see ""Genomic_coordinates"" sheet)",1.0,0.0,0.0,0.0,0.0,1.0,16810.0,30531.0,0.0,0.0,0.000219421459229958,0.999967247478055,0.999817528289014,0.999999170778282,0.0,0.0,0.975,,,,0.0,0.0,0.975,,,,,2577.0,4649.0,0.0,0.0,0.0,0.0,70.7584826074924,0.0,0.0,0.000219421459229958,0.999967247478055,0.999817528289014,0.999999170778282,3) Uncertain significance,3) Uncertain significance,ALL+WHO,3) Uncertain significance,1.0,0.0,0.0,0.0,0.0,1.0,11502.0,23706.0,0.0,0.0,0.000320664925697395,0.999957818365883,0.999765001636458,0.999998932054057,0.0,0.0,0.975,,,,0.0,0.0,0.975,,,,,2142.0,3890.0,0.0,0.0,0.0,0.0,0.0,0.0,0.0,0.0,0.0,0.0,0.0,80.2840904370714,0.0,0.0,0.000320664925697395,0.999957818365883,0.999765001636458,0.999998932054057,,,RRDR,Assoc w RI,,,RRDR,2) Assoc w R - Interim,,No change,,,yes,RRDR,,1
Rifampicin,rpoB,p.Asn438del,rpoB_p.Asn438del,1,inframe_deletion,"(see ""Genomic_coordinates"" sheet)",1.0,12.0,10.0,2.0,13.0,2.0,16797.0,30530.0,0.000773349196906603,0.000411838091387593,0.00132208760075144,0.999934494956111,0.999763393503742,0.99999206693684,0.866666666666666,0.595397303396627,0.983424086559916,0.833333333333333,0.515862251314033,0.979137474539907,0.833333333333333,0.515862251314033,0.979137474539907,9.08793236887539,1.93629777519682,85.4497227985581,0.000963755246651574,68.0,4649.0,0.0,0.0,11.814312079538,2.67390217818095,107.900377940009,0.000594990182661986,0.000285356617541049,0.00109393501394364,0.999934494956111,0.999763393503742,0.99999206693684,3) Uncertain significance,3) Uncertain significance,ALL+WHO,3) Uncertain significance,1.0,7.0,6.0,1.0,9.0,1.0,11493.0,23706.0,0.000782472613458529,0.000357856744032263,0.00148485474620048,0.999957818365883,0.999765001636458,0.999998932054057,0.9,0.554983882971804,0.997471421455538,0.857142857142857,0.421276802956804,0.996389703138099,0.857142857142857,0.421276802956804,0.996389703138099,12.3758809710258,1.50111689778497,567.654826972799,0.00611494468087233,67.0,3890.0,0.0,0.0,0.0,0.0,0.0,0.0,0.0,0.0,0.0,18.5638214565387,2.57162110235215,810.478378810226,0.00052178450300026,0.000191509019039771,0.00113535660740973,0.999957818365883,0.999765001636458,0.999998932054057,2.0,,RRDR,,,,RRDR,2) Assoc w R - Interim,,No change,,,yes,RRDR,,1
Rifampicin,rpoB,p.Asn438His,rpoB_p.Asn438His,1,missense_variant,"(see ""Genomic_coordinates"" sheet)",0.0,0.0,0.0,0.0,1.0,0.0,16809.0,30532.0,5.94883997620464e-05,1.50611474827621e-06,0.000331403082606904,1.0,0.999879187193184,1.0,1.0,0.025,1.0,,,,,,,,,,,2359.0,4649.0,0.0,0.0,inf,0.0465715996825058,inf,0.0,0.0,0.000219434511605659,1.0,0.999879187193184,1.0,3) Uncertain significance,3) Uncertain significance,ALL+WHO,3) Uncertain significance,0.0,0.0,0.0,0.0,1.0,0.0,11501.0,23707.0,8.69414014953921e-05,2.20116328638192e-06,0.000484310228674856,1.0,0.999844409142079,1.0,1.0,0.025,1.0,,,,,,,,,,,1958.0,3890.0,0.0,0.0,0.0,0.0,0.0,0.0,0.0,0.0,0.0,inf,0.0528490600080728,inf,0.0,0.0,0.000320692802708327,1.0,0.999844409142079,1.0,,,RRDR,,,,RRDR,2) Assoc w R - Interim,,No change,,,yes,RRDR,,1
Rifampicin,rpoB,p.Asp435_Gln436del,rpoB_p.Asp435_Gln436del,1,inframe_deletion,"(see ""Genomic_coordinates"" sheet)",1.0,1.0,1.0,0.0,1.0,0.0,16809.0,30532.0,5.94883997620464e-05,1.50611474827621e-06,0.000331403082606904,1.0,0.999879187193184,1.0,1.0,0.025,1.0,1.0,0.025,1.0,1.0,0.025,1.0,inf,0.0465715996825058,inf,0.355075831185839,416.0,4649.0,0.0,0.0,inf,0.0465715996825058,inf,5.94883997620464e-05,1.50611474827621e-06,0.000331403082606904,1.0,0.999879187193184,1.0,3) Uncertain significance,3) Uncertain significance,ALL+WHO,3) Uncertain significance,1.0,1.0,1.0,0.0,1.0,0.0,11501.0,23707.0,8.69414014953921e-05,2.20116328638192e-06,0.000484310228674856,1.0,0.999844409142079,1.0,1.0,0.025,1.0,1.0,0.025,1.0,1.0,0.025,1.0,inf,0.0528490600080728,inf,0.32667783805277,340.5,3890.0,0.0,0.0,0.0,0.0,0.0,0.0,0.0,0.0,0.0,inf,0.0528490600080728,inf,8.69414014953921e-05,2.20116328638192e-06,0.000484310228674856,1.0,0.999844409142079,1.0,,,RRDR,,,,RRDR,2) Assoc w R - Interim,,No change,,,yes,RRDR,,1
Rifampicin,rpoB,p.Asp435_Gln436delinsGlu,rpoB_p.Asp435_Gln436delinsGlu,1,inframe_deletion,"(see ""Genomic_coordinates"" sheet)",1.0,3.0,2.0,1.0,2.0,1.0,16808.0,30531.0,0.000118976799524092,1.44089671711117e-05,0.000429718322928454,0.999967247478055,0.999817528289014,0.999999170778282,0.666666666666666,0.0942993240502461,0.991596241340387,0.666666666666666,0.0942993240502461,0.991596241340387,0.666666666666666,0.0942993240502461,0.991596241340387,3.6329128986197,0.189104318453829,214.057761575796,0.28869722941154,292.0,4649.0,0.0,0.0,3.6329128986197,0.189104318453829,214.057761575796,0.000118976799524092,1.44089671711117e-05,0.000429718322928454,0.999967247478055,0.999817528289014,0.999999170778282,3) Uncertain significance,3) Uncertain significance,ALL+WHO,3) Uncertain significance,1.0,3.0,2.0,1.0,2.0,1.0,11500.0,23706.0,0.000173882802990784,2.10587078620303e-05,0.000627981827233676,0.999957818365883,0.999765001636458,0.999998932054057,0.666666666666666,0.0942993240502461,0.991596241340387,0.666666666666666,0.0942993240502461,0.991596241340387,0.666666666666666,0.0942993240502461,0.991596241340387,4.12278260869565,0.214595716751533,242.875597172384,0.250423653635903,226.0,3890.0,0.0,0.0,0.0,0.0,0.0,0.0,0.0,0.0,0.0,4.12278260869565,0.214595716751533,242.875597172384,0.000173882802990784,2.10587078620303e-05,0.000627981827233676,0.999957818365883,0.999765001636458,0.999998932054057,,,RRDR,,,,RRDR,2) Assoc w R - Interim,,No change,,,yes,RRDR,,1
Rifampicin,rpoB,p.Asp435Ala,rpoB_p.Asp435Ala,1,missense_variant,"(see ""Genomic_coordinates"" sheet)",1.0,3.0,0.0,3.0,12.0,6.0,16798.0,30526.0,0.000713860797144556,0.000368914962606047,0.00124663876852724,0.999803484868334,0.999572318737888,0.999927879105266,0.666666666666666,0.409925238172074,0.866572597493876,0.0,0.0,0.707598226178713,0.0,0.0,0.4592581264399,0.0,0.0,4.39826137331397,0.556911615118374,769.0,4649.0,0.0,0.0,3.63448029527324,1.26209690239599,11.8081880708029,0.0,0.0,0.000219578190293692,0.999803484868334,0.999572318737888,0.999927879105266,3) Uncertain significance,3) Uncertain significance,ALL+WHO,3) Uncertain significance,1.0,3.0,0.0,3.0,7.0,5.0,11495.0,23702.0,0.000608589810467744,0.000244718560881119,0.00125352303681455,0.999789091829417,0.999507879904061,0.999931515258336,0.583333333333333,0.276669685682105,0.848347770191569,0.0,0.0,0.707598226178713,0.0,0.0,0.521823750104981,0.0,0.0,4.99086588123038,0.555674894551438,484.0,3890.0,0.0,0.0,0.0,0.0,0.0,0.0,0.0,0.0,0.0,2.88671596346237,0.788461478042941,11.5368719534046,0.0,0.0,0.000320860166613556,0.999789091829417,0.999507879904061,0.999931515258336,6.0,Assoc w R,RRDR,Assoc w RI,,,RRDR,2) Assoc w R - Interim,,No change,,,yes,RRDR,,1
Rifampicin,rpoB,p.Asp435Asn,rpoB_p.Asp435Asn,1,missense_variant,"(see ""Genomic_coordinates"" sheet)",0.0,0.0,0.0,0.0,6.0,0.0,16804.0,30532.0,0.000356930398572278,0.000130998068917797,0.000776724091447791,1.0,0.999879187193184,1.0,1.0,0.540741873560099,1.0,,,,,,,,,,,2717.0,4649.0,0.0,0.0,inf,2.13890645017026,inf,0.0,0.0,0.000219499796783869,1.0,0.999879187193184,1.0,3) Uncertain significance,3) Uncertain significance,ALL+WHO,3) Uncertain significance,0.0,0.0,0.0,0.0,4.0,0.0,11498.0,23707.0,0.000347765605981568,9.47622920753642e-05,0.000890176504133628,1.0,0.999844409142079,1.0,1.0,0.397635364383525,1.0,,,,,,,,,,,2262.0,3890.0,0.0,0.0,0.0,0.0,0.0,0.0,0.0,0.0,0.0,inf,1.3608069907404,inf,0.0,0.0,0.000320776462830572,1.0,0.999844409142079,1.0,,,RRDR,,,,RRDR,2) Assoc w R - Interim,,No change,,,yes,RRDR,,1
Rifampicin,rpoB,p.Asp435del,rpoB_p.Asp435del,1,inframe_deletion,"(see ""Genomic_coordinates"" sheet)",1.0,1.0,1.0,0.0,1.0,1.0,16809.0,30531.0,5.94883997620464e-05,1.50611474827621e-06,0.000331403082606904,0.999967247478055,0.999817528289014,0.999999170778282,0.5,0.012579117093425,0.987420882906574,1.0,0.025,1.0,0.5,0.012579117093425,0.987420882906574,inf,0.046570074332069,inf,0.355083331573055,438.5,4649.0,0.0,0.0,1.81634838479386,0.0231376410853604,142.42572627634,5.94883997620464e-05,1.50611474827621e-06,0.000331403082606904,0.999967247478055,0.999817528289014,0.999999170778282,3) Uncertain significance,3) Uncertain significance,ALL+WHO,3) Uncertain significance,1.0,1.0,1.0,0.0,1.0,0.0,11501.0,23707.0,8.69414014953921e-05,2.20116328638192e-06,0.000484310228674856,1.0,0.999844409142079,1.0,1.0,0.025,1.0,1.0,0.025,1.0,1.0,0.025,1.0,inf,0.0528490600080728,inf,0.32667783805277,340.5,3890.0,0.0,0.0,0.0,0.0,0.0,0.0,0.0,0.0,0.0,inf,0.0528490600080728,inf,8.69414014953921e-05,2.20116328638192e-06,0.000484310228674856,1.0,0.999844409142079,1.0,,,RRDR,,,,RRDR,2) Assoc w R - Interim,,No change,,,yes,RRDR,,1
Rifampicin,rpoB,p.Asp435Glu,rpoB_p.Asp435Glu,1,missense_variant,"(see ""Genomic_coordinates"" sheet)",0.0,0.0,0.0,0.0,21.0,0.0,16789.0,30532.0,0.00124925639500297,0.000773470498752546,0.00190899053306069,1.0,0.999879187193184,1.0,1.0,0.83890238478092,1.0,,,,,,,,,,,2610.0,4649.0,0.0,0.0,inf,9.46741729237089,inf,0.0,0.0,0.000219695885606983,1.0,0.999879187193184,1.0,3) Uncertain significance,3) Uncertain significance,ALL+WHO,3) Uncertain significance,0.0,0.0,0.0,0.0,17.0,0.0,11485.0,23707.0,0.00147800382542166,0.000861220016155565,0.00236537605429428,1.0,0.999844409142079,1.0,1.0,0.804935677030906,1.0,,,,,,,,,,,2171.0,3890.0,0.0,0.0,0.0,0.0,0.0,0.0,0.0,0.0,0.0,inf,8.51620393516598,inf,0.0,0.0,0.000321139494990277,1.0,0.999844409142079,1.0,1.0,,RRDR,Assoc w RI,,,RRDR,2) Assoc w R - Interim,,No change,,,yes,RRDR,,1
Rifampicin,rpoB,p.Asp435Gly,rpoB_p.Asp435Gly,1,missense_variant,"(see ""Genomic_coordinates"" sheet)",1.0,8.0,4.0,4.0,148.0,8.0,16662.0,30524.0,0.00880428316478286,0.00744785691586025,0.0103345094254846,0.999737979824446,0.999483781433772,0.999886871715824,0.948717948717948,0.901456254831853,0.977603003443325,0.5,0.157012770487058,0.842987229512941,0.333333333333333,0.0992460911495833,0.651124493581186,1.83195294682511,0.341170562386285,9.83707323105443,0.464850282633976,445.0,4649.0,0.0,0.0,33.8911295162645,16.7521814035086,79.8037231225058,0.000240009600384015,6.53982860908822e-05,0.000614404837501154,0.999737979824446,0.999483781433772,0.999886871715824,3) Uncertain significance,3) Uncertain significance,ALL+WHO,3) Uncertain significance,1.0,5.0,4.0,1.0,89.0,3.0,11413.0,23704.0,0.00773778473308989,0.0062185516748134,0.00951350434847342,0.99987345509765,0.999630227076139,0.999973902638554,0.967391304347826,0.907650118447495,0.993224149528806,0.8,0.28358206388191,0.994949236620532,0.571428571428571,0.184051567640083,0.901011721557492,8.30771926750197,0.821955324153814,408.261582013922,0.0412993663725802,112.0,3890.0,0.0,0.0,0.0,0.0,0.0,0.0,0.0,0.0,0.0,61.6155845673062,20.4027575496019,306.984630901899,0.000350354734168345,9.54678599804893e-05,0.000896802090432916,0.99987345509765,0.999630227076139,0.999973902638554,24.0,Assoc w R,RRDR,Assoc w RI,,Marker of R,RRDR,2) Assoc w R - Interim,,No change,,,yes,RRDR,,1
Rifampicin,rpoB,p.Asp435His,rpoB_p.Asp435His,1,missense_variant,"(see ""Genomic_coordinates"" sheet)",0.0,0.0,0.0,0.0,4.0,0.0,16806.0,30532.0,0.000237953599048185,6.48380309854233e-05,0.0006091426203383,1.0,0.999879187193184,1.0,1.0,0.397635364383525,1.0,,,,,,,,,,,2350.0,4649.0,0.0,0.0,inf,1.1990579265185,inf,0.0,0.0,0.000219473678051534,1.0,0.999879187193184,1.0,3) Uncertain significance,3) Uncertain significance,ALL+WHO,3) Uncertain significance,0.0,0.0,0.0,0.0,4.0,0.0,11498.0,23707.0,0.000347765605981568,9.47622920753642e-05,0.000890176504133628,1.0,0.999844409142079,1.0,1.0,0.397635364383525,1.0,,,,,,,,,,,1949.0,3890.0,0.0,0.0,0.0,0.0,0.0,0.0,0.0,0.0,0.0,inf,1.3608069907404,inf,0.0,0.0,0.000320776462830572,1.0,0.999844409142079,1.0,1.0,,RRDR,Assoc w RI,,,RRDR,2) Assoc w R - Interim,,No change,,,yes,RRDR,,1
Rifampicin,rpoB,p.Asp435Leu,rpoB_p.Asp435Leu,1,missense_variant,"(see ""Genomic_coordinates"" sheet)",1.0,1.0,1.0,0.0,1.0,0.0,16809.0,30532.0,5.94883997620464e-05,1.50611474827621e-06,0.000331403082606904,1.0,0.999879187193184,1.0,1.0,0.025,1.0,1.0,0.025,1.0,1.0,0.025,1.0,inf,0.0465715996825058,inf,0.355075831185839,416.0,4649.0,0.0,0.0,inf,0.0465715996825058,inf,5.94883997620464e-05,1.50611474827621e-06,0.000331403082606904,1.0,0.999879187193184,1.0,3) Uncertain significance,3) Uncertain significance,ALL+WHO,3) Uncertain significance,,,,,,,,,,,,,,,,,,,,,,,,,,,,,,,,0.0,0.0,0.0,0.0,0.0,0.0,0.0,,,,,,,,,,,,RRDR,Assoc w RI,,,RRDR,2) Assoc w R - Interim,,No change,,,yes,RRDR,,1
Rifampicin,rpoB,p.Asp435Phe,rpoB_p.Asp435Phe,1,missense_variant,"(see ""Genomic_coordinates"" sheet)",1.0,43.0,39.0,4.0,48.0,4.0,16762.0,30528.0,0.00285544318857822,0.00210610606321703,0.00378414142684756,0.999868989912223,0.999664596427238,0.999964303043777,0.923076923076923,0.814603395616589,0.978643413508616,0.906976744186046,0.778646554618613,0.974068709733676,0.906976744186046,0.778646554618613,0.974068709733676,17.7573081971125,6.40453337771908,68.5164778988979,6.30327241687043e-14,16.0,4649.0,1.0,0.0,21.8551485502923,7.99985844207186,83.3217836724503,0.00232129039938098,0.00165116916652446,0.00317192822584764,0.999868989912223,0.999664596427238,0.999964303043777,1) Assoc w R,1) Assoc w R,ALL+WHO,1) Assoc w R,1.0,28.0,24.0,4.0,32.0,4.0,11470.0,23703.0,0.00278212484785254,0.00190372586004607,0.00392528024085978,0.999831273463534,0.999568049920357,0.99995402584539,0.888888888888888,0.73938907948917,0.968883860054984,0.857142857142857,0.673347330684204,0.959664369202908,0.857142857142857,0.673347330684204,0.959664369202908,12.3991281604184,4.25837491952599,49.21940569697,9.70076022433017e-09,18.0,3890.0,1.0,0.0,0.0,0.0,0.0,0.0,0.0,0.0,0.0,16.5321708805579,5.86035274332018,64.3609021844604,0.00208804593701061,0.00133829439776161,0.00310526397000794,0.999831273463534,0.999568049920357,0.99995402584539,6.0,Assoc w R,RRDR,Assoc w R,,Marker of R,,1) Assoc w R,,No change,,,yes,,,1
Rifampicin,rpoB,p.Asp435Tyr,rpoB_p.Asp435Tyr,1,missense_variant,"(see ""Genomic_coordinates"" sheet)",1.0,251.0,178.0,73.0,341.0,93.0,16469.0,30439.0,0.0202855443188578,0.0182079958200522,0.0225313060007231,0.99695401545919,0.996269742886194,0.997540814793275,0.785714285714285,0.744072621387622,0.823410135361259,0.709163346613545,0.648741852388666,0.764568150270608,0.656826568265682,0.596975859499861,0.713203838851354,4.50671706161098,3.41106853483132,6.00624732017219,1.49108182375715e-30,9.0,4649.0,1.0,0.0,6.77695468253486,5.36842055650359,8.62356036783862,0.0106926172884003,0.0091861503863204,0.0123735063685223,0.99695401545919,0.996269742886194,0.997540814793275,1) Assoc w R,1) Assoc w R,ALL+WHO,1) Assoc w R,1.0,175.0,122.0,53.0,220.0,68.0,11282.0,23639.0,0.0191271083289862,0.0167027398777121,0.0217989759299487,0.997131648880077,0.99636507837507,0.997771945632912,0.763888888888888,0.710525073701395,0.811732897827374,0.697142857142857,0.623268289945923,0.764199703060772,0.642105263157894,0.569506505733227,0.710192721992632,4.82310777227375,3.46336480781734,6.79571055590619,8.74525155576364e-24,9.0,3890.0,1.0,0.0,0.0,0.0,0.0,0.0,0.0,0.0,0.0,6.77886169536064,5.13744558455912,9.0413975727829,0.0106980007015082,0.00889173670437503,0.0127601471476925,0.997131648880077,0.99636507837507,0.997771945632912,102.0,Assoc w R,RRDR and borderline RIF,Assoc w R,,Marker of R,,1) Assoc w R,,No change,,,yes,,,1
Rifampicin,rpoB,p.Asp435Val,rpoB_p.Asp435Val,1,missense_variant,"(see ""Genomic_coordinates"" sheet)",1.0,1096.0,1083.0,13.0,1154.0,17.0,15656.0,30515.0,0.0686496133254015,0.0648723136794452,0.0725769653131025,0.999443207126948,0.999108669858669,0.999675615241488,0.985482493595217,0.9768575344526,0.991520879101124,0.988138686131386,0.979802199399638,0.993669650580369,0.984545454545454,0.975370769331272,0.990972060183519,162.374439880507,94.6441279754276,305.151147297632,0.0,1.5,4649.0,1.0,0.0,132.309018906489,82.0497997381375,227.030723046531,0.0646992054483541,0.0610186519587359,0.0685318740600227,0.999443207126948,0.999108669858669,0.999675615241488,1) Assoc w R,1) Assoc w R,ALL+WHO,1) Assoc w R,1.0,629.0,624.0,5.0,683.0,6.0,10819.0,23701.0,0.0593809772213528,0.055130371834174,0.0638562502054139,0.9997469101953,0.999449212060655,0.99990711502044,0.991291727140783,0.981142718695507,0.996797704656285,0.992050874403815,0.981547553359595,0.997414048491221,0.99047619047619,0.979386634763216,0.996497137476922,273.397245586468,116.658145190822,839.742186539193,7.45799456324714e-291,2.0,3890.0,1.0,0.0,0.0,0.0,0.0,0.0,0.0,0.0,0.0,249.372754721631,113.708086058914,682.990392710062,0.0545311544175478,0.050440928470812,0.0588498212483303,0.9997469101953,0.999449212060655,0.99990711502044,239.0,Assoc w R,RRDR,Assoc w R,,Marker of R,,1) Assoc w R,,No change,,,yes,,,1
Rifampicin,rpoB,p.Gln429His,rpoB_p.Gln429His,1,missense_variant,"(see ""Genomic_coordinates"" sheet)",0.0,0.0,0.0,0.0,13.0,1.0,16797.0,30531.0,0.000773349196906603,0.000411838091387593,0.00132208760075144,0.999967247478055,0.999817528289014,0.999999170778282,0.928571428571428,0.661315510068178,0.998193219340874,,,,0.0,0.0,0.975,,,,,2425.0,4649.0,0.0,0.0,23.6293981068047,3.54819873645803,999.432079931171,0.0,0.0,0.000219591261323031,0.999967247478055,0.999817528289014,0.999999170778282,3) Uncertain significance,3) Uncertain significance,ALL+WHO,3) Uncertain significance,0.0,0.0,0.0,0.0,9.0,1.0,11493.0,23706.0,0.000782472613458529,0.000357856744032263,0.00148485474620048,0.999957818365883,0.999765001636458,0.999998932054057,0.9,0.554983882971804,0.997471421455538,,,,0.0,0.0,0.975,,,,,2016.0,3890.0,0.0,0.0,0.0,0.0,0.0,0.0,0.0,0.0,0.0,18.5638214565387,2.57162110235215,810.478378810226,0.0,0.0,0.000320915993408392,0.999957818365883,0.999765001636458,0.999998932054057,1.0,,RRDR,Assoc w RI,,,RRDR,2) Assoc w R - Interim,,No change,,,yes,RRDR,,1
Rifampicin,rpoB,p.Gln429Leu,rpoB_p.Gln429Leu,1,missense_variant,"(see ""Genomic_coordinates"" sheet)",0.0,0.0,0.0,0.0,10.0,0.0,16800.0,30532.0,0.000594883997620464,0.000285305684944214,0.00109373983334496,1.0,0.999879187193184,1.0,1.0,0.691502892181239,1.0,,,,,,,,,,,2637.0,4649.0,0.0,0.0,inf,4.07313735951873,inf,0.0,0.0,0.000219552052902727,1.0,0.999879187193184,1.0,3) Uncertain significance,3) Uncertain significance,ALL+WHO,3) Uncertain significance,0.0,0.0,0.0,0.0,2.0,0.0,11500.0,23707.0,0.000173882802990784,2.10587078620303e-05,0.000627981827233676,1.0,0.999844409142079,1.0,1.0,0.158113883008419,1.0,,,,,,,,,,,2194.0,3890.0,0.0,0.0,0.0,0.0,0.0,0.0,0.0,0.0,0.0,inf,0.387090251295738,inf,0.0,0.0,0.000320720684566658,1.0,0.999844409142079,1.0,1.0,,RRDR,Assoc w RI,,,RRDR,2) Assoc w R - Interim,,No change,,,yes,RRDR,,1
Rifampicin,rpoB,p.Gln429Pro,rpoB_p.Gln429Pro,1,missense_variant,"(see ""Genomic_coordinates"" sheet)",0.0,0.0,0.0,0.0,2.0,0.0,16808.0,30532.0,0.000118976799524092,1.44089671711117e-05,0.000429718322928454,1.0,0.999879187193184,1.0,1.0,0.158113883008419,1.0,,,,,,,,,,,2681.0,4649.0,0.0,0.0,inf,0.341150751115529,inf,0.0,0.0,0.000219447565534303,1.0,0.999879187193184,1.0,3) Uncertain significance,3) Uncertain significance,ALL+WHO,3) Uncertain significance,0.0,0.0,0.0,0.0,1.0,0.0,11501.0,23707.0,8.69414014953921e-05,2.20116328638192e-06,0.000484310228674856,1.0,0.999844409142079,1.0,1.0,0.025,1.0,,,,,,,,,,,2231.0,3890.0,0.0,0.0,0.0,0.0,0.0,0.0,0.0,0.0,0.0,inf,0.0528490600080728,inf,0.0,0.0,0.000320692802708327,1.0,0.999844409142079,1.0,,,RRDR,Assoc w RI,,,RRDR,2) Assoc w R - Interim,,No change,,,yes,RRDR,,1
Rifampicin,rpoB,p.Gln432_Asp435delinsHis,rpoB_p.Gln432_Asp435delinsHis,1,inframe_deletion,"(see ""Genomic_coordinates"" sheet)",1.0,9.0,9.0,0.0,9.0,0.0,16801.0,30532.0,0.000535395597858417,0.000244845253515427,0.00101610321951737,1.0,0.999879187193184,1.0,1.0,0.663732883120057,1.0,1.0,0.663732883120057,1.0,1.0,0.663732883120057,1.0,inf,3.58631764003717,inf,8.95962936924637e-05,51.5,4649.0,1.0,0.0,inf,3.58631764003717,inf,0.000535395597858417,0.000244845253515427,0.00101610321951737,1.0,0.999879187193184,1.0,1) Assoc w R,1) Assoc w R,ALL+WHO,1) Assoc w R,1.0,8.0,8.0,0.0,8.0,0.0,11494.0,23707.0,0.000695531211963136,0.000300327312744212,0.00137001129783907,1.0,0.999844409142079,1.0,1.0,0.63058335244718,1.0,1.0,0.63058335244718,1.0,1.0,0.63058335244718,1.0,inf,3.51981666109462,inf,0.000129492710440896,39.0,3890.0,1.0,0.0,0.0,0.0,0.0,0.0,0.0,0.0,0.0,inf,3.51981666109462,inf,0.000695531211963136,0.000300327312744212,0.00137001129783907,1.0,0.999844409142079,1.0,1.0,,RRDR,,,,,1) Assoc w R,,UP from AwRI to AwR,,,yes,,,4
Rifampicin,rpoB,p.Gln432_Met434del,rpoB_p.Gln432_Met434del,1,inframe_deletion,"(see ""Genomic_coordinates"" sheet)",1.0,1.0,0.0,1.0,0.0,1.0,16810.0,30531.0,0.0,0.0,0.000219421459229958,0.999967247478055,0.999817528289014,0.999999170778282,0.0,0.0,0.975,0.0,0.0,0.975,0.0,0.0,0.975,0.0,0.0,70.7584826074924,1.0,1627.5,4649.0,0.0,0.0,0.0,0.0,70.7584826074924,0.0,0.0,0.000219421459229958,0.999967247478055,0.999817528289014,0.999999170778282,3) Uncertain significance,3) Uncertain significance,ALL+WHO,3) Uncertain significance,1.0,1.0,0.0,1.0,0.0,1.0,11502.0,23706.0,0.0,0.0,0.000320664925697395,0.999957818365883,0.999765001636458,0.999998932054057,0.0,0.0,0.975,0.0,0.0,0.975,0.0,0.0,0.975,0.0,0.0,80.2840904370714,1.0,1214.5,3890.0,0.0,0.0,0.0,0.0,0.0,0.0,0.0,0.0,0.0,0.0,0.0,80.2840904370714,0.0,0.0,0.000320664925697395,0.999957818365883,0.999765001636458,0.999998932054057,,,RRDR,,,,RRDR,2) Assoc w R - Interim,,No change,,,yes,RRDR,,1
Rifampicin,rpoB,p.Gln432_Met434delinsLeu,rpoB_p.Gln432_Met434delinsLeu,1,inframe_deletion,"(see ""Genomic_coordinates"" sheet)",1.0,2.0,2.0,0.0,2.0,0.0,16808.0,30532.0,0.000118976799524092,1.44089671711117e-05,0.000429718322928454,1.0,0.999879187193184,1.0,1.0,0.158113883008419,1.0,1.0,0.158113883008419,1.0,1.0,0.158113883008419,1.0,inf,0.341150751115529,inf,0.126074008711323,224.0,4649.0,0.0,0.0,inf,0.341150751115529,inf,0.000118976799524092,1.44089671711117e-05,0.000429718322928454,1.0,0.999879187193184,1.0,3) Uncertain significance,3) Uncertain significance,ALL+WHO,3) Uncertain significance,1.0,1.0,1.0,0.0,1.0,0.0,11501.0,23707.0,8.69414014953921e-05,2.20116328638192e-06,0.000484310228674856,1.0,0.999844409142079,1.0,1.0,0.025,1.0,1.0,0.025,1.0,1.0,0.025,1.0,inf,0.0528490600080728,inf,0.32667783805277,340.5,3890.0,0.0,0.0,0.0,0.0,0.0,0.0,0.0,0.0,0.0,inf,0.0528490600080728,inf,8.69414014953921e-05,2.20116328638192e-06,0.000484310228674856,1.0,0.999844409142079,1.0,,,RRDR,,,,RRDR,2) Assoc w R - Interim,,No change,,,yes,RRDR,,1
Rifampicin,rpoB,p.Gln432_Phe433del,rpoB_p.Gln432_Phe433del,1,inframe_deletion,"(see ""Genomic_coordinates"" sheet)",1.0,1.0,1.0,0.0,1.0,0.0,16809.0,30532.0,5.94883997620464e-05,1.50611474827621e-06,0.000331403082606904,1.0,0.999879187193184,1.0,1.0,0.025,1.0,1.0,0.025,1.0,1.0,0.025,1.0,inf,0.0465715996825058,inf,0.355075831185839,416.0,4649.0,0.0,0.0,inf,0.0465715996825058,inf,5.94883997620464e-05,1.50611474827621e-06,0.000331403082606904,1.0,0.999879187193184,1.0,3) Uncertain significance,3) Uncertain significance,ALL+WHO,3) Uncertain significance,1.0,1.0,1.0,0.0,1.0,0.0,11501.0,23707.0,8.69414014953921e-05,2.20116328638192e-06,0.000484310228674856,1.0,0.999844409142079,1.0,1.0,0.025,1.0,1.0,0.025,1.0,1.0,0.025,1.0,inf,0.0528490600080728,inf,0.32667783805277,340.5,3890.0,0.0,0.0,0.0,0.0,0.0,0.0,0.0,0.0,0.0,inf,0.0528490600080728,inf,8.69414014953921e-05,2.20116328638192e-06,0.000484310228674856,1.0,0.999844409142079,1.0,,,RRDR,,,,RRDR,2) Assoc w R - Interim,,No change,,,yes,RRDR,,1
Rifampicin,rpoB,p.Gln432Asn,rpoB_p.Gln432Asn,1,missense_variant,"(see ""Genomic_coordinates"" sheet)",1.0,1.0,1.0,0.0,1.0,0.0,16809.0,30532.0,5.94883997620464e-05,1.50611474827621e-06,0.000331403082606904,1.0,0.999879187193184,1.0,1.0,0.025,1.0,1.0,0.025,1.0,1.0,0.025,1.0,inf,0.0465715996825058,inf,0.355075831185839,416.0,4649.0,0.0,0.0,inf,0.0465715996825058,inf,5.94883997620464e-05,1.50611474827621e-06,0.000331403082606904,1.0,0.999879187193184,1.0,3) Uncertain significance,3) Uncertain significance,ALL+WHO,3) Uncertain significance,1.0,1.0,1.0,0.0,1.0,0.0,11501.0,23707.0,8.69414014953921e-05,2.20116328638192e-06,0.000484310228674856,1.0,0.999844409142079,1.0,1.0,0.025,1.0,1.0,0.025,1.0,1.0,0.025,1.0,inf,0.0528490600080728,inf,0.32667783805277,340.5,3890.0,0.0,0.0,0.0,0.0,0.0,0.0,0.0,0.0,0.0,inf,0.0528490600080728,inf,8.69414014953921e-05,2.20116328638192e-06,0.000484310228674856,1.0,0.999844409142079,1.0,,,RRDR,Assoc w RI,,,RRDR,2) Assoc w R - Interim,,No change,,,yes,RRDR,,1
Rifampicin,rpoB,p.Gln432del,rpoB_p.Gln432del,1,inframe_deletion,"(see ""Genomic_coordinates"" sheet)",1.0,2.0,2.0,0.0,2.0,0.0,16808.0,30532.0,0.000118976799524092,1.44089671711117e-05,0.000429718322928454,1.0,0.999879187193184,1.0,1.0,0.158113883008419,1.0,1.0,0.158113883008419,1.0,1.0,0.158113883008419,1.0,inf,0.341150751115529,inf,0.126074008711323,224.0,4649.0,0.0,0.0,inf,0.341150751115529,inf,0.000118976799524092,1.44089671711117e-05,0.000429718322928454,1.0,0.999879187193184,1.0,3) Uncertain significance,3) Uncertain significance,ALL+WHO,3) Uncertain significance,1.0,2.0,2.0,0.0,2.0,0.0,11500.0,23707.0,0.000173882802990784,2.10587078620303e-05,0.000627981827233676,1.0,0.999844409142079,1.0,1.0,0.158113883008419,1.0,1.0,0.158113883008419,1.0,1.0,0.158113883008419,1.0,inf,0.387090251295738,inf,0.10671216244731,152.5,3890.0,0.0,0.0,0.0,0.0,0.0,0.0,0.0,0.0,0.0,inf,0.387090251295738,inf,0.000173882802990784,2.10587078620303e-05,0.000627981827233676,1.0,0.999844409142079,1.0,,,RRDR,,,,RRDR,2) Assoc w R - Interim,,No change,,,yes,RRDR,,1
Rifampicin,rpoB,p.Gln432Glu,rpoB_p.Gln432Glu,1,missense_variant,"(see ""Genomic_coordinates"" sheet)",0.0,0.0,0.0,0.0,8.0,0.0,16802.0,30532.0,0.000475907198096371,0.00020548462525215,0.000937510381255989,1.0,0.999879187193184,1.0,1.0,0.63058335244718,1.0,,,,,,,,,,,2439.0,4649.0,0.0,0.0,inf,3.10133467016734,inf,0.0,0.0,0.000219525921733526,1.0,0.999879187193184,1.0,3) Uncertain significance,3) Uncertain significance,ALL+WHO,3) Uncertain significance,0.0,0.0,0.0,0.0,5.0,0.0,11497.0,23707.0,0.00043470700747696,0.000141162766530747,0.00101416710312943,1.0,0.999844409142079,1.0,1.0,0.478176249895018,1.0,,,,,,,,,,,2029.0,3890.0,0.0,0.0,0.0,0.0,0.0,0.0,0.0,0.0,0.0,inf,1.88913119689894,inf,0.0,0.0,0.000320804359238686,1.0,0.999844409142079,1.0,,,RRDR,Assoc w RI,,,RRDR,2) Assoc w R - Interim,,No change,,,yes,RRDR,,1
Rifampicin,rpoB,p.Gln432His,rpoB_p.Gln432His,1,missense_variant,"(see ""Genomic_coordinates"" sheet)",0.0,0.0,0.0,0.0,3.0,0.0,16807.0,30532.0,0.000178465199286139,3.68053268162106e-05,0.00052146158350611,1.0,0.999879187193184,1.0,1.0,0.292401773821286,1.0,,,,,,,,,,,2655.0,4649.0,0.0,0.0,inf,0.750576632084797,inf,0.0,0.0,0.000219460621016169,1.0,0.999879187193184,1.0,3) Uncertain significance,3) Uncertain significance,ALL+WHO,3) Uncertain significance,0.0,0.0,0.0,0.0,1.0,0.0,11501.0,23707.0,8.69414014953921e-05,2.20116328638192e-06,0.000484310228674856,1.0,0.999844409142079,1.0,1.0,0.025,1.0,,,,,,,,,,,2209.0,3890.0,0.0,0.0,0.0,0.0,0.0,0.0,0.0,0.0,0.0,inf,0.0528490600080728,inf,0.0,0.0,0.000320692802708327,1.0,0.999844409142079,1.0,1.0,,RRDR,Assoc w RI,,,RRDR,2) Assoc w R - Interim,,No change,,,yes,RRDR,,1
Rifampicin,rpoB,p.Gln432Leu,rpoB_p.Gln432Leu,1,missense_variant,"(see ""Genomic_coordinates"" sheet)",1.0,17.0,16.0,1.0,28.0,1.0,16782.0,30531.0,0.00166567519333729,0.00110710558710172,0.00240647153309903,0.999967247478055,0.999817528289014,0.999999170778282,0.96551724137931,0.822355704511277,0.99912735311642,0.941176470588235,0.713110603332779,0.998511825608733,0.941176470588235,0.713110603332779,0.998511825608733,29.1083303539506,4.52127386080734,1213.598528979,7.14445451187596e-07,32.0,4649.0,1.0,0.0,50.9395781194136,8.42038225535838,2061.54308846754,0.000952494344564829,0.000544527727011734,0.00154633150403616,0.999967247478055,0.999817528289014,0.999999170778282,1) Assoc w R,1) Assoc w R,ALL+WHO,1) Assoc w R,1.0,11.0,11.0,0.0,19.0,0.0,11483.0,23707.0,0.00165188662841245,0.000994827479836083,0.00257842889005257,1.0,0.999844409142079,1.0,1.0,0.823533088193034,1.0,1.0,0.715085847081845,1.0,1.0,0.715085847081845,1.0,inf,5.17978219249293,inf,4.48412760499868e-06,26.0,3890.0,1.0,0.0,0.0,0.0,0.0,0.0,0.0,0.0,0.0,inf,9.63110800980318,inf,0.000957021054463198,0.000477835201582561,0.00171172831822756,1.0,0.999844409142079,1.0,5.0,Assoc w R,RRDR,Assoc w R,,Marker of R,,1) Assoc w R,,No change,,,yes,,,1
Rifampicin,rpoB,p.Gln432Lys,rpoB_p.Gln432Lys,1,missense_variant,"(see ""Genomic_coordinates"" sheet)",1.0,21.0,21.0,0.0,46.0,0.0,16764.0,30532.0,0.00273646638905413,0.00200411265230185,0.0036483947573427,1.0,0.999879187193184,1.0,1.0,0.922938172948099,1.0,1.0,0.83890238478092,1.0,1.0,0.83890238478092,1.0,inf,9.4815218585939,inf,3.50331364355371e-10,22.0,4649.0,1.0,0.0,inf,21.8086610964296,inf,0.00125111706881143,0.000774622765529972,0.00191183289078747,1.0,0.999879187193184,1.0,1) Assoc w R,1) Assoc w R,ALL+WHO,1) Assoc w R,1.0,16.0,16.0,0.0,36.0,0.0,11466.0,23707.0,0.00312989045383411,0.00219307036741769,0.00433048000210719,1.0,0.999844409142079,1.0,1.0,0.902606244085508,1.0,1.0,0.794092785792177,1.0,1.0,0.794092785792177,1.0,inf,7.97023022338724,inf,1.6394953517415e-08,19.0,3890.0,1.0,0.0,0.0,0.0,0.0,0.0,0.0,0.0,0.0,inf,19.154006257125,inf,0.00139348545549555,0.000796700513211572,0.00226194929193297,1.0,0.999844409142079,1.0,5.0,Assoc w R,RRDR,Assoc w R,,Marker of R,,1) Assoc w R,,No change,,,yes,,,1
Rifampicin,rpoB,p.Gln432Pro,rpoB_p.Gln432Pro,1,missense_variant,"(see ""Genomic_coordinates"" sheet)",1.0,52.0,51.0,1.0,69.0,1.0,16741.0,30531.0,0.0041046995835812,0.00319506284544273,0.00519192695325037,0.999967247478055,0.999817528289014,0.999999170778282,0.985714285714285,0.922956237663233,0.999638382428196,0.98076923076923,0.897446455347882,0.999513237584508,0.98076923076923,0.897446455347882,0.999513237584508,93.010035242817,15.9499850644974,3669.20693117469,3.63468731615976e-22,12.0,4649.0,1.0,0.0,125.837106504987,21.8431774534963,4896.4572134741,0.00303716055264411,0.00226217619594287,0.00399139535622351,0.999967247478055,0.999817528289014,0.999999170778282,1) Assoc w R,1) Assoc w R,ALL+WHO,1) Assoc w R,1.0,41.0,41.0,0.0,56.0,0.0,11446.0,23707.0,0.00486871848374195,0.00367981106170921,0.00631783725465721,1.0,0.999844409142079,1.0,1.0,0.936249903337637,1.0,1.0,0.913956163705971,1.0,1.0,0.913956163705971,1.0,inf,21.9940267298338,inf,1.10240636453921e-20,11.0,3890.0,1.0,0.0,0.0,0.0,0.0,0.0,0.0,0.0,0.0,inf,30.4091681311377,inf,0.00356925219813702,0.00256253775715909,0.00483901070474949,1.0,0.999844409142079,1.0,4.0,Assoc w R,RRDR,Assoc w R,,Marker of R,,1) Assoc w R,,No change,,,yes,,,1
Rifampicin,rpoB,p.Gln436_Asn437del,rpoB_p.Gln436_Asn437del,1,inframe_deletion,"(see ""Genomic_coordinates"" sheet)",1.0,1.0,1.0,0.0,1.0,0.0,16809.0,30532.0,5.94883997620464e-05,1.50611474827621e-06,0.000331403082606904,1.0,0.999879187193184,1.0,1.0,0.025,1.0,1.0,0.025,1.0,1.0,0.025,1.0,inf,0.0465715996825058,inf,0.355075831185839,416.0,4649.0,0.0,0.0,inf,0.0465715996825058,inf,5.94883997620464e-05,1.50611474827621e-06,0.000331403082606904,1.0,0.999879187193184,1.0,3) Uncertain significance,3) Uncertain significance,ALL+WHO,3) Uncertain significance,1.0,1.0,1.0,0.0,1.0,0.0,11501.0,23707.0,8.69414014953921e-05,2.20116328638192e-06,0.000484310228674856,1.0,0.999844409142079,1.0,1.0,0.025,1.0,1.0,0.025,1.0,1.0,0.025,1.0,inf,0.0528490600080728,inf,0.32667783805277,340.5,3890.0,0.0,0.0,0.0,0.0,0.0,0.0,0.0,0.0,0.0,inf,0.0528490600080728,inf,8.69414014953921e-05,2.20116328638192e-06,0.000484310228674856,1.0,0.999844409142079,1.0,,,RRDR,,,Marker of R,RRDR,2) Assoc w R - Interim,,No change,,,yes,RRDR,,1
Rifampicin,rpoB,p.Gln436Arg,rpoB_p.Gln436Arg,1,missense_variant,"(see ""Genomic_coordinates"" sheet)",0.0,0.0,0.0,0.0,1.0,0.0,16809.0,30532.0,5.94883997620464e-05,1.50611474827621e-06,0.000331403082606904,1.0,0.999879187193184,1.0,1.0,0.025,1.0,,,,,,,,,,,2562.0,4649.0,0.0,0.0,inf,0.0465715996825058,inf,0.0,0.0,0.000219434511605659,1.0,0.999879187193184,1.0,3) Uncertain significance,3) Uncertain significance,ALL+WHO,3) Uncertain significance,0.0,0.0,0.0,0.0,1.0,0.0,11501.0,23707.0,8.69414014953921e-05,2.20116328638192e-06,0.000484310228674856,1.0,0.999844409142079,1.0,1.0,0.025,1.0,,,,,,,,,,,2130.0,3890.0,0.0,0.0,0.0,0.0,0.0,0.0,0.0,0.0,0.0,inf,0.0528490600080728,inf,0.0,0.0,0.000320692802708327,1.0,0.999844409142079,1.0,,,RRDR,,,,RRDR,2) Assoc w R - Interim,,No change,,,yes,RRDR,,1
Rifampicin,rpoB,p.Gln436Asn,rpoB_p.Gln436Asn,1,missense_variant,"(see ""Genomic_coordinates"" sheet)",1.0,0.0,0.0,0.0,0.0,1.0,16810.0,30531.0,0.0,0.0,0.000219421459229958,0.999967247478055,0.999817528289014,0.999999170778282,0.0,0.0,0.975,,,,0.0,0.0,0.975,,,,,2594.0,4649.0,0.0,0.0,0.0,0.0,70.7584826074924,0.0,0.0,0.000219421459229958,0.999967247478055,0.999817528289014,0.999999170778282,3) Uncertain significance,3) Uncertain significance,ALL+WHO,3) Uncertain significance,1.0,0.0,0.0,0.0,0.0,1.0,11502.0,23706.0,0.0,0.0,0.000320664925697395,0.999957818365883,0.999765001636458,0.999998932054057,0.0,0.0,0.975,,,,0.0,0.0,0.975,,,,,2156.0,3890.0,0.0,0.0,0.0,0.0,0.0,0.0,0.0,0.0,0.0,0.0,0.0,80.2840904370714,0.0,0.0,0.000320664925697395,0.999957818365883,0.999765001636458,0.999998932054057,,,RRDR,Assoc w RI,,,RRDR,2) Assoc w R - Interim,,No change,,,yes,RRDR,,1
Rifampicin,rpoB,p.Gln436del,rpoB_p.Gln436del,1,inframe_deletion,"(see ""Genomic_coordinates"" sheet)",1.0,3.0,3.0,0.0,3.0,1.0,16807.0,30531.0,0.000178465199286139,3.68053268162106e-05,0.00052146158350611,0.999967247478055,0.999817528289014,0.999999170778282,0.75,0.194120449683243,0.99369053679029,1.0,0.292401773821286,1.0,0.75,0.194120449683243,0.99369053679029,inf,0.750552038219838,inf,0.0447652350750259,142.0,4649.0,0.0,0.0,5.44969358005592,0.437509494081317,285.652299683162,0.000178465199286139,3.68053268162106e-05,0.00052146158350611,0.999967247478055,0.999817528289014,0.999999170778282,3) Uncertain significance,3) Uncertain significance,ALL+WHO,3) Uncertain significance,1.0,3.0,3.0,0.0,3.0,1.0,11499.0,23706.0,0.000260824204486176,5.37914516051481e-05,0.000762047929932555,0.999957818365883,0.999765001636458,0.999998932054057,0.75,0.194120449683243,0.99369053679029,1.0,0.292401773821286,1.0,0.75,0.194120449683243,0.99369053679029,inf,0.851753046609667,inf,0.0348593870640737,98.0,3890.0,0.0,0.0,0.0,0.0,0.0,0.0,0.0,0.0,0.0,6.18471171406209,0.496496186771195,324.103527365594,0.000260824204486176,5.37914516051481e-05,0.000762047929932555,0.999957818365883,0.999765001636458,0.999998932054057,,,RRDR,,,,RRDR,2) Assoc w R - Interim,,No change,,,yes,RRDR,,1
Rifampicin,rpoB,p.Gln436Pro,rpoB_p.Gln436Pro,1,missense_variant,"(see ""Genomic_coordinates"" sheet)",0.0,0.0,0.0,0.0,1.0,0.0,16809.0,30532.0,5.94883997620464e-05,1.50611474827621e-06,0.000331403082606904,1.0,0.999879187193184,1.0,1.0,0.025,1.0,,,,,,,,,,,2719.0,4649.0,0.0,0.0,inf,0.0465715996825058,inf,0.0,0.0,0.000219434511605659,1.0,0.999879187193184,1.0,3) Uncertain significance,3) Uncertain significance,ALL+WHO,3) Uncertain significance,0.0,0.0,0.0,0.0,1.0,0.0,11501.0,23707.0,8.69414014953921e-05,2.20116328638192e-06,0.000484310228674856,1.0,0.999844409142079,1.0,1.0,0.025,1.0,,,,,,,,,,,2264.0,3890.0,0.0,0.0,0.0,0.0,0.0,0.0,0.0,0.0,0.0,inf,0.0528490600080728,inf,0.0,0.0,0.000320692802708327,1.0,0.999844409142079,1.0,,,RRDR,Assoc w RI,,,RRDR,2) Assoc w R - Interim,,No change,,,yes,RRDR,,1
Rifampicin,rpoB,p.Gly426_Thr427del,rpoB_p.Gly426_Thr427del,1,inframe_deletion,"(see ""Genomic_coordinates"" sheet)",1.0,1.0,0.0,1.0,0.0,1.0,16810.0,30531.0,0.0,0.0,0.000219421459229958,0.999967247478055,0.999817528289014,0.999999170778282,0.0,0.0,0.975,0.0,0.0,0.975,0.0,0.0,0.975,0.0,0.0,70.7584826074924,1.0,1627.5,4649.0,0.0,0.0,0.0,0.0,70.7584826074924,0.0,0.0,0.000219421459229958,0.999967247478055,0.999817528289014,0.999999170778282,3) Uncertain significance,3) Uncertain significance,ALL+WHO,3) Uncertain significance,1.0,1.0,0.0,1.0,0.0,1.0,11502.0,23706.0,0.0,0.0,0.000320664925697395,0.999957818365883,0.999765001636458,0.999998932054057,0.0,0.0,0.975,0.0,0.0,0.975,0.0,0.0,0.975,0.0,0.0,80.2840904370714,1.0,1214.5,3890.0,0.0,0.0,0.0,0.0,0.0,0.0,0.0,0.0,0.0,0.0,0.0,80.2840904370714,0.0,0.0,0.000320664925697395,0.999957818365883,0.999765001636458,0.999998932054057,,,RRDR,,,,RRDR,2) Assoc w R - Interim,,No change,,,yes,RRDR,,1
Rifampicin,rpoB,p.Gly426Ser,rpoB_p.Gly426Ser,1,missense_variant,"(see ""Genomic_coordinates"" sheet)",1.0,1.0,0.0,1.0,0.0,1.0,16810.0,30531.0,0.0,0.0,0.000219421459229958,0.999967247478055,0.999817528289014,0.999999170778282,0.0,0.0,0.975,0.0,0.0,0.975,0.0,0.0,0.975,0.0,0.0,70.7584826074924,1.0,1627.5,4649.0,0.0,0.0,0.0,0.0,70.7584826074924,0.0,0.0,0.000219421459229958,0.999967247478055,0.999817528289014,0.999999170778282,3) Uncertain significance,3) Uncertain significance,ALL+WHO,3) Uncertain significance,1.0,1.0,0.0,1.0,0.0,1.0,11502.0,23706.0,0.0,0.0,0.000320664925697395,0.999957818365883,0.999765001636458,0.999998932054057,0.0,0.0,0.975,0.0,0.0,0.975,0.0,0.0,0.975,0.0,0.0,80.2840904370714,1.0,1214.5,3890.0,0.0,0.0,0.0,0.0,0.0,0.0,0.0,0.0,0.0,0.0,0.0,80.2840904370714,0.0,0.0,0.000320664925697395,0.999957818365883,0.999765001636458,0.999998932054057,,,RRDR,Assoc w RI,,,RRDR,2) Assoc w R - Interim,,No change,,,yes,RRDR,,1
Rifampicin,rpoB,p.Gly442Glu,rpoB_p.Gly442Glu,1,missense_variant,"(see ""Genomic_coordinates"" sheet)",0.0,0.0,0.0,0.0,2.0,0.0,16808.0,30532.0,0.000118976799524092,1.44089671711117e-05,0.000429718322928454,1.0,0.999879187193184,1.0,1.0,0.158113883008419,1.0,,,,,,,,,,,2483.0,4649.0,0.0,0.0,inf,0.341150751115529,inf,0.0,0.0,0.000219447565534303,1.0,0.999879187193184,1.0,3) Uncertain significance,3) Uncertain significance,ALL+WHO,3) Uncertain significance,0.0,0.0,0.0,0.0,1.0,0.0,11501.0,23707.0,8.69414014953921e-05,2.20116328638192e-06,0.000484310228674856,1.0,0.999844409142079,1.0,1.0,0.025,1.0,,,,,,,,,,,2066.0,3890.0,0.0,0.0,0.0,0.0,0.0,0.0,0.0,0.0,0.0,inf,0.0528490600080728,inf,0.0,0.0,0.000320692802708327,1.0,0.999844409142079,1.0,,,RRDR,Assoc w RI,,,RRDR,2) Assoc w R - Interim,,No change,,,yes,RRDR,,1
Rifampicin,rpoB,p.His445_Lys446del,rpoB_p.His445_Lys446del,1,inframe_deletion,"(see ""Genomic_coordinates"" sheet)",1.0,1.0,1.0,0.0,1.0,0.0,16809.0,30532.0,5.94883997620464e-05,1.50611474827621e-06,0.000331403082606904,1.0,0.999879187193184,1.0,1.0,0.025,1.0,1.0,0.025,1.0,1.0,0.025,1.0,inf,0.0465715996825058,inf,0.355075831185839,416.0,4649.0,0.0,0.0,inf,0.0465715996825058,inf,5.94883997620464e-05,1.50611474827621e-06,0.000331403082606904,1.0,0.999879187193184,1.0,3) Uncertain significance,3) Uncertain significance,ALL+WHO,3) Uncertain significance,1.0,1.0,1.0,0.0,1.0,0.0,11501.0,23707.0,8.69414014953921e-05,2.20116328638192e-06,0.000484310228674856,1.0,0.999844409142079,1.0,1.0,0.025,1.0,1.0,0.025,1.0,1.0,0.025,1.0,inf,0.0528490600080728,inf,0.32667783805277,340.5,3890.0,0.0,0.0,0.0,0.0,0.0,0.0,0.0,0.0,0.0,inf,0.0528490600080728,inf,8.69414014953921e-05,2.20116328638192e-06,0.000484310228674856,1.0,0.999844409142079,1.0,,,RRDR,,,,RRDR,2) Assoc w R - Interim,,No change,,,yes,RRDR,,1
Rifampicin,rpoB,p.His445_Lys446delinsGln,rpoB_p.His445_Lys446delinsGln,1,inframe_deletion,"(see ""Genomic_coordinates"" sheet)",0.0,0.0,0.0,0.0,1.0,0.0,16809.0,30532.0,5.94883997620464e-05,1.50611474827621e-06,0.000331403082606904,1.0,0.999879187193184,1.0,1.0,0.025,1.0,,,,,,,,,,,2513.0,4649.0,0.0,0.0,inf,0.0465715996825058,inf,0.0,0.0,0.000219434511605659,1.0,0.999879187193184,1.0,3) Uncertain significance,3) Uncertain significance,ALL+WHO,3) Uncertain significance,0.0,0.0,0.0,0.0,1.0,0.0,11501.0,23707.0,8.69414014953921e-05,2.20116328638192e-06,0.000484310228674856,1.0,0.999844409142079,1.0,1.0,0.025,1.0,,,,,,,,,,,2086.0,3890.0,0.0,0.0,0.0,0.0,0.0,0.0,0.0,0.0,0.0,inf,0.0528490600080728,inf,0.0,0.0,0.000320692802708327,1.0,0.999844409142079,1.0,1.0,,RRDR,,,,RRDR,2) Assoc w R - Interim,,No change,,,yes,RRDR,,1
Rifampicin,rpoB,p.His445Arg,rpoB_p.His445Arg,1,missense_variant,"(see ""Genomic_coordinates"" sheet)",1.0,107.0,105.0,2.0,136.0,3.0,16674.0,30529.0,0.00809042236763831,0.0067921212762122,0.00956297331064792,0.999901742434167,0.999712876815577,0.99997973646933,0.97841726618705,0.938222838471464,0.995526812702801,0.981308411214953,0.934108103007567,0.997728291629584,0.972222222222222,0.920964023589417,0.994234507764957,96.1240554156171,25.9349515854291,795.929530022419,1.04365193050943e-44,8.0,4649.0,1.0,0.0,83.0023589620566,27.7804831130462,407.180374411509,0.0062578222778473,0.00512104782408877,0.00757047908496733,0.999901742434167,0.999712876815577,0.99997973646933,1) Assoc w R,1) Assoc w R,ALL+WHO,1) Assoc w R,1.0,80.0,78.0,2.0,100.0,2.0,11402.0,23705.0,0.00869414014953921,0.00707933758191786,0.0105644477979783,0.999915636731767,0.999695284447545,0.999989783053538,0.980392156862745,0.930960787801043,0.997616515418388,0.975,0.912592844069407,0.99695791383519,0.975,0.912592844069407,0.99695791383519,81.0818277495176,21.6998593520318,682.383356903037,1.395621542108e-35,8.0,3890.0,1.0,0.0,0.0,0.0,0.0,0.0,0.0,0.0,0.0,103.95106121733,28.0079036787572,854.576032244122,0.00679442508710801,0.00537430824952319,0.00847259670367195,0.999915636731767,0.999695284447545,0.999989783053538,18.0,Assoc w R,RRDR,Assoc w R,,Marker of R,,1) Assoc w R,,No change,,,yes,,,1
Rifampicin,rpoB,p.His445Asn,rpoB_p.His445Asn,1,missense_variant,"(see ""Genomic_coordinates"" sheet)",1.0,104.0,35.0,69.0,126.0,83.0,16684.0,30449.0,0.00749553837001784,0.00624771391726386,0.00891800892589955,0.997281540678632,0.99663115887173,0.997834198362528,0.602870813397129,0.533067581829481,0.669712167066857,0.336538461538461,0.246820383683709,0.435836386933776,0.296610169491525,0.216066053368315,0.387659008065936,0.925745919895482,0.597793593097898,1.41060985906138,0.758777527277732,934.0,4649.0,0.0,0.0,2.77054562050648,2.08205657264392,3.70296525884637,0.0020934266403493,0.0014585682246743,0.00291025860513074,0.997281540678632,0.99663115887173,0.997834198362528,3) Uncertain significance,3) Uncertain significance,ALL+WHO,3) Uncertain significance,1.0,74.0,30.0,44.0,109.0,50.0,11393.0,23657.0,0.00947661276299774,0.00778756148243545,0.0114204225886466,0.997890918294174,0.997220372511225,0.998434206102271,0.685534591194968,0.607243267114336,0.756756483660859,0.405405405405405,0.292725549183194,0.525898039544865,0.375,0.269193169946804,0.490354764407112,1.41576167183996,0.858884249048787,2.30466499347219,0.171087030491528,160.0,3890.0,0.0,0.0,0.0,0.0,0.0,0.0,0.0,0.0,0.0,4.52666198542965,3.20742552106545,6.46472751206465,0.00262628031165193,0.00177262029582954,0.00374707295046599,0.997890918294174,0.997220372511225,0.998434206102271,29.0,Assoc w R,RRDR and borderline RIF,Assoc w R,,Marker of R,Borderline,1) Assoc w R,,No change,,,yes,Borderline,,1
Rifampicin,rpoB,p.His445Asp,rpoB_p.His445Asp,1,missense_variant,"(see ""Genomic_coordinates"" sheet)",1.0,574.0,565.0,9.0,608.0,10.0,16202.0,30522.0,0.0361689470553242,0.0333972122089067,0.0391026113306582,0.999672474780558,0.999397752220648,0.999842928110511,0.983818770226537,0.970443988762534,0.992213902415438,0.984320557491289,0.970444923051969,0.992805944634882,0.982608695652174,0.968249923052282,0.991629487192031,118.263383121425,61.7731060165735,261.032381321872,2.56178221379562e-240,3.0,4649.0,1.0,0.0,114.537563263794,61.8006622924529,238.457994168971,0.0336971431979483,0.0310171379314334,0.0365404383841678,0.999672474780558,0.999397752220648,0.999842928110511,1) Assoc w R,1) Assoc w R,ALL+WHO,1) Assoc w R,1.0,345.0,342.0,3.0,379.0,3.0,11123.0,23704.0,0.0329507911667536,0.0297637283666572,0.0363770011053901,0.99987345509765,0.999630227076139,0.999973902638554,0.992146596858638,0.977221705984364,0.998377502023634,0.991304347826087,0.974799247592159,0.998203144957359,0.991304347826087,0.974799247592159,0.998203144957359,242.943090892744,82.2329978483332,1168.16612290213,2.13723714946486e-162,4.0,3890.0,1.0,0.0,0.0,0.0,0.0,0.0,0.0,0.0,0.0,269.226407743714,91.3350315737619,1333.75982156705,0.029829917139119,0.0267922207855551,0.0331093461189473,0.99987345509765,0.999630227076139,0.999973902638554,57.0,Assoc w R,RRDR,Assoc w R,,Marker of R,,1) Assoc w R,,No change,,,yes,,,1
Rifampicin,rpoB,p.His445Cys,rpoB_p.His445Cys,1,missense_variant,"(see ""Genomic_coordinates"" sheet)",1.0,71.0,65.0,6.0,70.0,8.0,16740.0,30524.0,0.00416418798334324,0.00324758416539656,0.00525831335367222,0.999737979824446,0.999483781433772,0.999886871715824,0.897435897435897,0.807872542581596,0.954669050221242,0.915492957746478,0.82508394417896,0.968353971866577,0.890410958904109,0.795435679151393,0.95148357627889,19.7536837913182,8.59857256995492,55.7531700785947,5.89781389541369e-23,11.0,4649.0,1.0,0.0,15.9548984468339,7.66315814423299,38.3975448826257,0.00386789645938708,0.00298639113167907,0.00492733209760649,0.999737979824446,0.999483781433772,0.999886871715824,1) Assoc w R,1) Assoc w R,ALL+WHO,1) Assoc w R,1.0,45.0,41.0,4.0,45.0,6.0,11457.0,23701.0,0.00391236306729264,0.00285509282253167,0.00523158571947652,0.9997469101953,0.999449212060655,0.99990711502044,0.88235294117647,0.761323952735925,0.955579858143685,0.911111111111111,0.78778826304566,0.97524704221653,0.872340425531914,0.742585823210755,0.951677784538378,21.2040892031072,7.67499764010907,81.4291517087046,3.65818197875947e-16,12.0,3890.0,1.0,0.0,0.0,0.0,0.0,0.0,0.0,0.0,0.0,15.5151872217858,6.59573969159334,44.5073013739797,0.00356583753696295,0.00256008507780289,0.00483438422853982,0.9997469101953,0.999449212060655,0.99990711502044,12.0,Assoc w R,RRDR,Assoc w R,,,,1) Assoc w R,,No change,,,yes,,,1
Rifampicin,rpoB,p.His445Gln,rpoB_p.His445Gln,1,missense_variant,"(see ""Genomic_coordinates"" sheet)",1.0,2.0,0.0,2.0,21.0,2.0,16789.0,30530.0,0.00124925639500297,0.000773470498752546,0.00190899053306069,0.999934494956111,0.999763393503742,0.99999206693684,0.913043478260869,0.719620664090589,0.989290033962124,0.0,0.0,0.841886116991581,0.0,0.0,0.841886116991581,0.0,0.0,9.68267529884828,0.542162428962402,765.0,4649.0,0.0,0.0,19.0937518613377,4.6664780007689,167.762790798543,0.0,0.0,0.000219695885606983,0.999934494956111,0.999763393503742,0.99999206693684,3) Uncertain significance,3) Uncertain significance,ALL+WHO,3) Uncertain significance,1.0,2.0,0.0,2.0,14.0,2.0,11488.0,23705.0,0.00121717962093548,0.000665598145642159,0.00204137811638842,0.999915636731767,0.999695284447545,0.999989783053538,0.875,0.616523763150736,0.984486396184586,0.0,0.0,0.841886116991581,0.0,0.0,0.841886116991581,0.0,0.0,10.9851368291416,1.0,1214.5,3890.0,0.0,0.0,0.0,0.0,0.0,0.0,0.0,0.0,0.0,14.4442026462395,3.31609503243003,131.180560658587,0.0,0.0,0.000321055645424387,0.999915636731767,0.999695284447545,0.999989783053538,4.0,,RRDR,Assoc w RI,,,RRDR,2) Assoc w R - Interim,,No change,,,yes,RRDR,,1
Rifampicin,rpoB,p.His445Gly,rpoB_p.His445Gly,1,missense_variant,"(see ""Genomic_coordinates"" sheet)",1.0,10.0,7.0,3.0,11.0,3.0,16799.0,30529.0,0.00065437239738251,0.000326704163498642,0.00117055062018267,0.999901742434167,0.999712876815577,0.99997973646933,0.785714285714285,0.492024322951528,0.953420712110132,0.7,0.347547149940002,0.933260488822265,0.7,0.347547149940002,0.933260488822265,4.24039129313252,0.967855141498337,25.4145473312692,0.040659767239718,135.0,4649.0,0.0,0.0,6.6634720320654,1.75984687194931,37.2004360275228,0.000416517910270141,0.000167477676628907,0.000857996579218984,0.999901742434167,0.999712876815577,0.99997973646933,3) Uncertain significance,3) Uncertain significance,ALL+WHO,3) Uncertain significance,1.0,4.0,4.0,0.0,7.0,0.0,11495.0,23707.0,0.000608589810467744,0.000244718560881119,0.00125352303681455,1.0,0.999844409142079,1.0,1.0,0.590383602774996,1.0,1.0,0.397635364383525,1.0,1.0,0.397635364383525,1.0,inf,1.36116200091506,inf,0.0113768214836299,77.0,3890.0,0.0,0.0,0.0,0.0,0.0,0.0,0.0,0.0,0.0,inf,2.97179240572548,inf,0.000347856335333507,9.47870168769055e-05,0.00089040868125265,1.0,0.999844409142079,1.0,2.0,Assoc w R,RRDR,Assoc w RI,,Marker of R,RRDR,2) Assoc w R - Interim,,No change,,,yes,RRDR,,1
Rifampicin,rpoB,p.His445Leu,rpoB_p.His445Leu,1,missense_variant,"(see ""Genomic_coordinates"" sheet)",1.0,210.0,192.0,18.0,217.0,20.0,16593.0,30512.0,0.012908982748364,0.0112574883873713,0.0147320354697028,0.999344949561116,0.998988508123428,0.999599833714555,0.915611814345991,0.872677940029197,0.947691456923561,0.914285714285714,0.867917487719984,0.948408404424392,0.90566037735849,0.858062592776517,0.941418756268669,19.6143755398862,12.0790289243034,33.7934408734774,3.75042627599845e-65,7.0,4649.0,1.0,0.0,19.951497619478,12.5951221787177,33.314504891201,0.0114387846291331,0.00988537514564279,0.0131647641271214,0.999344949561116,0.998988508123428,0.999599833714555,1) Assoc w R,1) Assoc w R,ALL+WHO,1) Assoc w R,1.0,131.0,125.0,6.0,143.0,8.0,11359.0,23699.0,0.012432620413841,0.0104882826872986,0.0146292061880366,0.999662546927068,0.999335191784523,0.999854300817065,0.947019867549668,0.898278412307352,0.976852391190032,0.954198473282442,0.902975423082724,0.983008655486213,0.93984962406015,0.88491969558806,0.973676371589129,43.4659007541743,19.4139642217439,120.824410758296,6.28085480198552e-53,7.0,3890.0,1.0,0.0,0.0,0.0,0.0,0.0,0.0,0.0,0.0,37.2937428470816,18.4055706137824,88.0685845169836,0.0108847091605712,0.00906823293922066,0.0129551001981317,0.999662546927068,0.999335191784523,0.999854300817065,31.0,Assoc w R,RRDR and borderline RIF,Assoc w R,,Marker of R,,1) Assoc w R,,No change,,,yes,,,1
Rifampicin,rpoB,p.His445Phe,rpoB_p.His445Phe,1,missense_variant,"(see ""Genomic_coordinates"" sheet)",1.0,2.0,2.0,0.0,3.0,0.0,16807.0,30532.0,0.000178465199286139,3.68053268162106e-05,0.00052146158350611,1.0,0.999879187193184,1.0,1.0,0.292401773821286,1.0,1.0,0.158113883008419,1.0,1.0,0.158113883008419,1.0,inf,0.341171054461605,inf,0.12606433451616,222.0,4649.0,0.0,0.0,inf,0.750576632084797,inf,0.000118983877684573,1.44098244078294e-05,0.000429743883731532,1.0,0.999879187193184,1.0,3) Uncertain significance,3) Uncertain significance,ALL+WHO,3) Uncertain significance,,,,,,,,,,,,,,,,,,,,,,,,,,,,,,,,0.0,0.0,0.0,0.0,0.0,0.0,0.0,,,,,,,,,,,,RRDR,Assoc w RI,,Marker of R,RRDR,2) Assoc w R - Interim,,No change,,,yes,RRDR,,1
Rifampicin,rpoB,p.His445Pro,rpoB_p.His445Pro,1,missense_variant,"(see ""Genomic_coordinates"" sheet)",1.0,6.0,6.0,0.0,9.0,0.0,16801.0,30532.0,0.000535395597858417,0.000244845253515427,0.00101610321951737,1.0,0.999879187193184,1.0,1.0,0.663732883120057,1.0,1.0,0.540741873560099,1.0,1.0,0.540741873560099,1.0,inf,2.13929209301164,inf,0.0020015972551215,77.0,4649.0,0.0,0.0,inf,3.58631764003717,inf,0.000356994109597191,0.000131021453634131,0.000776862705290613,1.0,0.999879187193184,1.0,3) Uncertain significance,3) Uncertain significance,ALL+WHO,3) Uncertain significance,1.0,5.0,5.0,0.0,6.0,0.0,11496.0,23707.0,0.000521648408972352,0.000191459062774625,0.00113506056981396,1.0,0.999844409142079,1.0,1.0,0.540741873560099,1.0,1.0,0.478176249895018,1.0,1.0,0.478176249895018,1.0,inf,1.8892954425668,inf,0.00371720858939999,63.0,3890.0,0.0,0.0,0.0,0.0,0.0,0.0,0.0,0.0,0.0,inf,2.42738974088595,inf,0.000434744804799582,0.000141175041755066,0.00101425525833895,1.0,0.999844409142079,1.0,1.0,,RRDR,Assoc w RI,,Marker of R,RRDR,2) Assoc w R - Interim,,No change,,,yes,RRDR,,1
Rifampicin,rpoB,p.His445Ser,rpoB_p.His445Ser,1,missense_variant,"(see ""Genomic_coordinates"" sheet)",1.0,18.0,12.0,6.0,19.0,7.0,16791.0,30525.0,0.00113027959547888,0.000680635004098699,0.00176451134196716,0.99977073234639,0.999527678427408,0.999907817703152,0.73076923076923,0.522125210306168,0.884267786708496,0.666666666666666,0.409925238172074,0.866572597493876,0.631578947368421,0.383577923314405,0.8371141278449,3.63587636233696,1.2625816496669,11.812709370275,0.0110824858741254,108.0,4649.0,0.0,0.0,4.93440363460016,1.98571738254646,13.8945754951258,0.000714158186038207,0.000369068671687654,0.00124715797008423,0.99977073234639,0.999527678427408,0.999907817703152,3) Uncertain significance,3) Uncertain significance,ALL+WHO,3) Uncertain significance,1.0,11.0,9.0,2.0,14.0,3.0,11488.0,23704.0,0.00121717962093548,0.000665598145642159,0.00204137811638842,0.99987345509765,0.999630227076139,0.999973902638554,0.823529411764705,0.565682127155716,0.962014931929374,0.818181818181818,0.482244147639827,0.97716880170004,0.75,0.42814153812181,0.945139355472007,9.28516713091922,1.92132168543512,88.4094690895988,0.00115911791856425,48.0,3890.0,0.0,0.0,0.0,0.0,0.0,0.0,0.0,0.0,0.0,9.62906220984215,2.6863954393747,52.2788648264662,0.000782812907715056,0.000358012400824787,0.0014855002765726,0.99987345509765,0.999630227076139,0.999973902638554,3.0,,RRDR and borderline RIF,Assoc w R,,Marker of R,Borderline,1) Assoc w R,,No change,,,yes,Borderline,,1
Rifampicin,rpoB,p.His445Thr,rpoB_p.His445Thr,1,missense_variant,"(see ""Genomic_coordinates"" sheet)",1.0,4.0,4.0,0.0,4.0,0.0,16806.0,30532.0,0.000237953599048185,6.48380309854233e-05,0.0006091426203383,1.0,0.999879187193184,1.0,1.0,0.397635364383525,1.0,1.0,0.397635364383525,1.0,1.0,0.397635364383525,1.0,inf,1.1990579265185,inf,0.0158922163386836,112.5,4649.0,0.0,0.0,inf,1.1990579265185,inf,0.000237953599048185,6.48380309854233e-05,0.0006091426203383,1.0,0.999879187193184,1.0,3) Uncertain significance,3) Uncertain significance,ALL+WHO,3) Uncertain significance,1.0,4.0,4.0,0.0,4.0,0.0,11498.0,23707.0,0.000347765605981568,9.47622920753642e-05,0.000890176504133628,1.0,0.999844409142079,1.0,1.0,0.397635364383525,1.0,1.0,0.397635364383525,1.0,1.0,0.397635364383525,1.0,inf,1.3608069907404,inf,0.0113848189908768,78.5,3890.0,0.0,0.0,0.0,0.0,0.0,0.0,0.0,0.0,0.0,inf,1.3608069907404,inf,0.000347765605981568,9.47622920753642e-05,0.000890176504133628,1.0,0.999844409142079,1.0,,,RRDR,Assoc w RI,,,RRDR,2) Assoc w R - Interim,,No change,,,yes,RRDR,,1
Rifampicin,rpoB,p.His445Tyr,rpoB_p.His445Tyr,1,missense_variant,"(see ""Genomic_coordinates"" sheet)",1.0,484.0,477.0,7.0,593.0,11.0,16217.0,30521.0,0.0352766210588935,0.0325387864831747,0.0381767233317041,0.999639722258614,0.999355455254591,0.999820137367966,0.981788079470198,0.967647910345414,0.990874493642688,0.985537190082644,0.970429170136029,0.994165949542933,0.977459016393442,0.960026477111282,0.988695168085229,128.247403518353,61.8361743772939,320.155667979046,2.75904984550552e-204,4.0,4649.0,1.0,0.0,101.458923576269,56.249561119324,205.246462317668,0.0285731400503174,0.0260983224188265,0.0312139634699351,0.999639722258614,0.999355455254591,0.999820137367966,1) Assoc w R,1) Assoc w R,ALL+WHO,1) Assoc w R,1.0,376.0,370.0,6.0,447.0,8.0,11055.0,23699.0,0.0388628064684402,0.03540448593939,0.0425569383008117,0.999662546927068,0.999335191784523,0.999854300817065,0.982417582417582,0.96565068987222,0.992379365423358,0.984042553191489,0.96559255478045,0.994121963432336,0.978835978835978,0.958725814515894,0.990819644462728,132.197045077642,60.0797555778708,364.390201555238,2.04906125664824e-171,3.0,3890.0,1.0,0.0,0.0,0.0,0.0,0.0,0.0,0.0,0.0,119.781241519674,60.2503092122805,281.514179505647,0.0323851203501094,0.0292150086714435,0.0357963309399155,0.999662546927068,0.999335191784523,0.999854300817065,86.0,Assoc w R,RRDR,Assoc w R,,Marker of R,,1) Assoc w R,,No change,,,yes,,,1
Rifampicin,rpoB,p.Ile491Phe,rpoB_p.Ile491Phe,1,missense_variant,"(see ""Genomic_coordinates"" sheet)",1.0,173.0,96.0,77.0,116.0,88.0,16694.0,30444.0,0.00690065437239738,0.00570539866779944,0.00827097619688055,0.997117778068911,0.99645020990193,0.997687751510874,0.568627450980392,0.497633459222973,0.63759742071484,0.554913294797687,0.477570470674639,0.630341997491844,0.521739130434782,0.447003678267591,0.595762936219945,2.27364058009799,1.66596214304815,3.11141263325275,9.87158255463696e-08,27.0,4649.0,1.0,0.0,2.40390123833277,1.80515494186183,3.2105447767391,0.00571768910065515,0.00463372854300135,0.00697785789394933,0.997117778068911,0.99645020990193,0.997687751510874,1) Assoc w R,1) Assoc w R,ALL,3) Uncertain significance,1.0,123.0,57.0,66.0,71.0,73.0,11431.0,23634.0,0.00617283950617283,0.00482409399174769,0.00777991015810752,0.996920740709495,0.996129828541176,0.997585599137433,0.493055555555555,0.408823405228663,0.57757923523875,0.463414634146341,0.373079420287762,0.555552455809403,0.438461538461538,0.351619879055795,0.528170355702314,1.78559896930993,1.22944226052451,2.58624215963783,0.00191442476364355,56.0,3890.0,0.0,0.0,0.0,0.0,0.0,0.0,0.0,0.0,0.0,2.0108908363822,1.4286055309336,2.82943481414802,0.0049616991643454,0.0037600442378533,0.00642373895757608,0.996920740709495,0.996129828541176,0.997585599137433,43.0,Assoc w R,Borderline RIF,Assoc w R,,,Borderline,1) Assoc w R,,No change,,,yes,Borderline,,1
Rifampicin,rpoB,p.Leu430_Gln432del,rpoB_p.Leu430_Gln432del,1,inframe_deletion,"(see ""Genomic_coordinates"" sheet)",1.0,2.0,2.0,0.0,2.0,0.0,16808.0,30532.0,0.000118976799524092,1.44089671711117e-05,0.000429718322928454,1.0,0.999879187193184,1.0,1.0,0.158113883008419,1.0,1.0,0.158113883008419,1.0,1.0,0.158113883008419,1.0,inf,0.341150751115529,inf,0.126074008711323,224.0,4649.0,0.0,0.0,inf,0.341150751115529,inf,0.000118976799524092,1.44089671711117e-05,0.000429718322928454,1.0,0.999879187193184,1.0,3) Uncertain significance,3) Uncertain significance,ALL+WHO,3) Uncertain significance,1.0,2.0,2.0,0.0,2.0,0.0,11500.0,23707.0,0.000173882802990784,2.10587078620303e-05,0.000627981827233676,1.0,0.999844409142079,1.0,1.0,0.158113883008419,1.0,1.0,0.158113883008419,1.0,1.0,0.158113883008419,1.0,inf,0.387090251295738,inf,0.10671216244731,152.5,3890.0,0.0,0.0,0.0,0.0,0.0,0.0,0.0,0.0,0.0,inf,0.387090251295738,inf,0.000173882802990784,2.10587078620303e-05,0.000627981827233676,1.0,0.999844409142079,1.0,,,RRDR,,,,RRDR,2) Assoc w R - Interim,,No change,,,yes,RRDR,,1
Rifampicin,rpoB,p.Leu430_Ser431insArg,rpoB_p.Leu430_Ser431insArg,1,inframe_insertion,"(see ""Genomic_coordinates"" sheet)",1.0,3.0,2.0,1.0,4.0,1.0,16806.0,30531.0,0.000237953599048185,6.48380309854233e-05,0.0006091426203383,0.999967247478055,0.999817528289014,0.999999170778282,0.8,0.28358206388191,0.994949236620532,0.666666666666666,0.0942993240502461,0.991596241340387,0.666666666666666,0.0942993240502461,0.991596241340387,3.63334523384505,0.189126822260207,214.083198147022,0.288659793063729,290.0,4649.0,0.0,0.0,7.26669046769011,0.71899465830523,357.208630433948,0.000118990956687291,1.44106817465527e-05,0.000429769447575642,0.999967247478055,0.999817528289014,0.999999170778282,3) Uncertain significance,3) Uncertain significance,ALL+WHO,3) Uncertain significance,1.0,3.0,2.0,1.0,4.0,1.0,11498.0,23706.0,0.000347765605981568,9.47622920753642e-05,0.000890176504133628,0.999957818365883,0.999765001636458,0.999998932054057,0.8,0.28358206388191,0.994949236620532,0.666666666666666,0.0942993240502461,0.991596241340387,0.666666666666666,0.0942993240502461,0.991596241340387,4.12349973908505,0.214633041029412,242.9177724798,0.250373173935615,225.0,3890.0,0.0,0.0,0.0,0.0,0.0,0.0,0.0,0.0,0.0,8.24699947817011,0.815939832795188,405.284913246419,0.00017391304347826,2.10623703666836e-05,0.000628091016655355,0.999957818365883,0.999765001636458,0.999998932054057,,,RRDR,,,,RRDR,2) Assoc w R - Interim,,No change,,,yes,RRDR,,1
Rifampicin,rpoB,p.Leu430Arg,rpoB_p.Leu430Arg,1,missense_variant,"(see ""Genomic_coordinates"" sheet)",1.0,1.0,0.0,1.0,32.0,3.0,16778.0,30529.0,0.00190362879238548,0.0013024338261299,0.00268630258659741,0.999901742434167,0.999712876815577,0.99997973646933,0.914285714285714,0.769424981341122,0.981962360185782,0.0,0.0,0.975,0.0,0.0,0.707598226178713,0.0,0.0,70.8886491814383,1.0,1627.5,4649.0,0.0,0.0,19.4089084912782,6.06999401041904,99.1501430796909,0.0,0.0,0.000219839906889832,0.999901742434167,0.999712876815577,0.99997973646933,3) Uncertain significance,3) Uncertain significance,ALL+WHO,3) Uncertain significance,2.0,1.0,1.0,0.0,20.0,2.0,11482.0,23705.0,0.00173882802990784,0.00106243473911297,0.00268420764151461,0.999915636731767,0.999695284447545,0.999989783053538,0.909090909090909,0.708387258446066,0.988794413975849,1.0,0.025,1.0,0.333333333333333,0.00840375865961264,0.905700675949754,inf,0.0529320397655836,inf,0.326332840741161,307.0,3890.0,0.0,0.0,0.0,0.0,0.0,0.0,0.0,0.0,0.0,20.6453579515763,5.01336511539349,181.846012041608,8.70852564660802e-05,2.20480537088392e-06,0.000485111418490829,0.999915636731767,0.999695284447545,0.999989783053538,15.0,,RRDR,Assoc w RI,,,RRDR,2) Assoc w R - Interim,,No change,,,yes,RRDR,,1
Rifampicin,rpoB,p.Leu430Pro,rpoB_p.Leu430Pro,1,missense_variant,"(see ""Genomic_coordinates"" sheet)",1.0,208.0,53.0,155.0,215.0,185.0,16595.0,30347.0,0.0127900059488399,0.0111463140490625,0.0146053155095648,0.993940783440324,0.993005236458017,0.994780375606786,0.5375,0.487265626940889,0.587175567910879,0.254807692307692,0.197070046159863,0.319677179083342,0.222689075630252,0.171484931680155,0.280941631497485,0.625291722147168,0.448593826423511,0.859842909083455,0.00279868583239814,78.0,4649.0,0.0,0.0,2.12522658241248,1.73614836468079,2.60323812090965,0.00318356559346468,0.00238559093244735,0.00416213955383298,0.993940783440324,0.993005236458017,0.994780375606786,3) Uncertain significance,3) Uncertain significance,ALL+WHO,3) Uncertain significance,1.0,132.0,41.0,91.0,158.0,111.0,11344.0,23596.0,0.0137367414362719,0.0116898785876689,0.0160348515686725,0.995317838613068,0.994364168395112,0.99614673434688,0.587360594795539,0.525976429118486,0.646798046688876,0.31060606060606,0.23297610131863,0.396957231967093,0.269736842105263,0.201035548488005,0.347644860526345,0.937161921294502,0.631344636994993,1.37027105406601,0.780399980255981,495.0,3890.0,0.0,0.0,0.0,0.0,0.0,0.0,0.0,0.0,0.0,2.96078095020267,2.30535227796618,3.81313026745898,0.00360122968818621,0.00258550662135397,0.00488233628037811,0.995317838613068,0.994364168395112,0.99614673434688,82.0,Assoc w R,RRDR and borderline RIF,Assoc w R,,Marker of R,Borderline,1) Assoc w R,,No change,,,yes,Borderline,,1
Rifampicin,rpoB,p.Leu443_Lys446delinsProGln,rpoB_p.Leu443_Lys446delinsProGln,1,inframe_deletion,"(see ""Genomic_coordinates"" sheet)",2.0,1.0,1.0,0.0,1.0,0.0,16809.0,30532.0,5.94883997620464e-05,1.50611474827621e-06,0.000331403082606904,1.0,0.999879187193184,1.0,1.0,0.025,1.0,1.0,0.025,1.0,1.0,0.025,1.0,inf,0.0465715996825058,inf,0.355075831185839,416.0,4649.0,0.0,0.0,inf,0.0465715996825058,inf,5.94883997620464e-05,1.50611474827621e-06,0.000331403082606904,1.0,0.999879187193184,1.0,3) Uncertain significance,3) Uncertain significance,ALL+WHO,3) Uncertain significance,2.0,1.0,1.0,0.0,1.0,0.0,11501.0,23707.0,8.69414014953921e-05,2.20116328638192e-06,0.000484310228674856,1.0,0.999844409142079,1.0,1.0,0.025,1.0,1.0,0.025,1.0,1.0,0.025,1.0,inf,0.0528490600080728,inf,0.32667783805277,340.5,3890.0,0.0,0.0,0.0,0.0,0.0,0.0,0.0,0.0,0.0,inf,0.0528490600080728,inf,8.69414014953921e-05,2.20116328638192e-06,0.000484310228674856,1.0,0.999844409142079,1.0,1.0,,RRDR,,,,RRDR,2) Assoc w R - Interim,,No change,,,yes,RRDR,,1
Rifampicin,rpoB,p.Leu443Phe,rpoB_p.Leu443Phe,1,missense_variant,"(see ""Genomic_coordinates"" sheet)",1.0,1.0,0.0,1.0,1.0,1.0,16809.0,30531.0,5.94883997620464e-05,1.50611474827621e-06,0.000331403082606904,0.999967247478055,0.999817528289014,0.999999170778282,0.5,0.012579117093425,0.987420882906574,0.0,0.0,0.975,0.0,0.0,0.975,0.0,0.0,70.7626875124415,1.0,1627.5,4649.0,0.0,0.0,1.81634838479386,0.0231376410853604,142.42572627634,0.0,0.0,0.000219434511605659,0.999967247478055,0.999817528289014,0.999999170778282,3) Uncertain significance,3) Uncertain significance,ALL+WHO,3) Uncertain significance,0.0,0.0,0.0,0.0,1.0,0.0,11501.0,23707.0,8.69414014953921e-05,2.20116328638192e-06,0.000484310228674856,1.0,0.999844409142079,1.0,1.0,0.025,1.0,,,,,,,,,,,2103.0,3890.0,0.0,0.0,0.0,0.0,0.0,0.0,0.0,0.0,0.0,inf,0.0528490600080728,inf,0.0,0.0,0.000320692802708327,1.0,0.999844409142079,1.0,,,RRDR,Assoc w RI,,,RRDR,2) Assoc w R - Interim,,No change,,,yes,RRDR,,1
Rifampicin,rpoB,p.Leu443Ser,rpoB_p.Leu443Ser,1,missense_variant,"(see ""Genomic_coordinates"" sheet)",0.0,0.0,0.0,0.0,1.0,0.0,16809.0,30532.0,5.94883997620464e-05,1.50611474827621e-06,0.000331403082606904,1.0,0.999879187193184,1.0,1.0,0.025,1.0,,,,,,,,,,,2469.0,4649.0,0.0,0.0,inf,0.0465715996825058,inf,0.0,0.0,0.000219434511605659,1.0,0.999879187193184,1.0,3) Uncertain significance,3) Uncertain significance,ALL+WHO,3) Uncertain significance,0.0,0.0,0.0,0.0,1.0,0.0,11501.0,23707.0,8.69414014953921e-05,2.20116328638192e-06,0.000484310228674856,1.0,0.999844409142079,1.0,1.0,0.025,1.0,,,,,,,,,,,2055.0,3890.0,0.0,0.0,0.0,0.0,0.0,0.0,0.0,0.0,0.0,inf,0.0528490600080728,inf,0.0,0.0,0.000320692802708327,1.0,0.999844409142079,1.0,,,RRDR,,,,RRDR,2) Assoc w R - Interim,,No change,,,yes,RRDR,,1
Rifampicin,rpoB,p.Leu443Trp,rpoB_p.Leu443Trp,1,missense_variant,"(see ""Genomic_coordinates"" sheet)",0.0,0.0,0.0,0.0,1.0,0.0,16809.0,30532.0,5.94883997620464e-05,1.50611474827621e-06,0.000331403082606904,1.0,0.999879187193184,1.0,1.0,0.025,1.0,,,,,,,,,,,2735.0,4649.0,0.0,0.0,inf,0.0465715996825058,inf,0.0,0.0,0.000219434511605659,1.0,0.999879187193184,1.0,3) Uncertain significance,3) Uncertain significance,ALL+WHO,3) Uncertain significance,0.0,0.0,0.0,0.0,1.0,0.0,11501.0,23707.0,8.69414014953921e-05,2.20116328638192e-06,0.000484310228674856,1.0,0.999844409142079,1.0,1.0,0.025,1.0,,,,,,,,,,,2279.0,3890.0,0.0,0.0,0.0,0.0,0.0,0.0,0.0,0.0,0.0,inf,0.0528490600080728,inf,0.0,0.0,0.000320692802708327,1.0,0.999844409142079,1.0,1.0,,RRDR,,,,RRDR,2) Assoc w R - Interim,,No change,,,yes,RRDR,,1
Rifampicin,rpoB,p.Leu449Met,rpoB_p.Leu449Met,1,missense_variant,"(see ""Genomic_coordinates"" sheet)",0.0,0.0,0.0,0.0,10.0,0.0,16800.0,30532.0,0.000594883997620464,0.000285305684944214,0.00109373983334496,1.0,0.999879187193184,1.0,1.0,0.691502892181239,1.0,,,,,,,,,,,2766.0,4649.0,0.0,0.0,inf,4.07313735951873,inf,0.0,0.0,0.000219552052902727,1.0,0.999879187193184,1.0,3) Uncertain significance,3) Uncertain significance,ALL+WHO,3) Uncertain significance,0.0,0.0,0.0,0.0,2.0,0.0,11500.0,23707.0,0.000173882802990784,2.10587078620303e-05,0.000627981827233676,1.0,0.999844409142079,1.0,1.0,0.158113883008419,1.0,,,,,,,,,,,2308.0,3890.0,0.0,0.0,0.0,0.0,0.0,0.0,0.0,0.0,0.0,inf,0.387090251295738,inf,0.0,0.0,0.000320720684566658,1.0,0.999844409142079,1.0,,,RRDR,Assoc w RI,,,RRDR,2) Assoc w R - Interim,,No change,,,yes,RRDR,,1
Rifampicin,rpoB,p.Leu452Met,rpoB_p.Leu452Met,1,missense_variant,"(see ""Genomic_coordinates"" sheet)",1.0,1.0,0.0,1.0,0.0,1.0,16810.0,30531.0,0.0,0.0,0.000219421459229958,0.999967247478055,0.999817528289014,0.999999170778282,0.0,0.0,0.975,0.0,0.0,0.975,0.0,0.0,0.975,0.0,0.0,70.7584826074924,1.0,1627.5,4649.0,0.0,0.0,0.0,0.0,70.7584826074924,0.0,0.0,0.000219421459229958,0.999967247478055,0.999817528289014,0.999999170778282,3) Uncertain significance,3) Uncertain significance,ALL+WHO,3) Uncertain significance,1.0,1.0,0.0,1.0,0.0,1.0,11502.0,23706.0,0.0,0.0,0.000320664925697395,0.999957818365883,0.999765001636458,0.999998932054057,0.0,0.0,0.975,0.0,0.0,0.975,0.0,0.0,0.975,0.0,0.0,80.2840904370714,1.0,1214.5,3890.0,0.0,0.0,0.0,0.0,0.0,0.0,0.0,0.0,0.0,0.0,0.0,80.2840904370714,0.0,0.0,0.000320664925697395,0.999957818365883,0.999765001636458,0.999998932054057,,,RRDR,Assoc w RI,,,RRDR,2) Assoc w R - Interim,,No change,,,yes,RRDR,,1
Rifampicin,rpoB,p.Leu452Pro,rpoB_p.Leu452Pro,1,missense_variant,"(see ""Genomic_coordinates"" sheet)",1.0,259.0,168.0,91.0,281.0,102.0,16529.0,30430.0,0.016716240333135,0.0148323756267008,0.0187698714354209,0.996659242761692,0.995945998683493,0.997275215453407,0.733681462140992,0.686408364936955,0.777300806436464,0.648648648648648,0.587133465340455,0.706717470079089,0.622222222222222,0.561451847501461,0.680277656699658,3.39878162855959,2.61617555440423,4.43899322714438,5.64496216247457e-22,13.0,4649.0,1.0,0.0,5.07179301026478,4.02652766626087,6.43043040435688,0.0100616877283344,0.00860376425171066,0.0116938580043524,0.996659242761692,0.995945998683493,0.997275215453407,1) Assoc w R,1) Assoc w R,ALL+WHO,1) Assoc w R,1.0,167.0,115.0,52.0,182.0,58.0,11320.0,23649.0,0.0158233350721613,0.0136224588752953,0.0182739467003711,0.997553465221242,0.99683841939605,0.99814173543455,0.758333333333333,0.699083294027562,0.811081632185049,0.688622754491018,0.612492837133425,0.757914471730773,0.664739884393063,0.589131274808948,0.734592064143509,4.62020080184832,3.29927122147629,6.54465357222439,7.50530426083453e-22,10.0,3890.0,1.0,0.0,0.0,0.0,0.0,0.0,0.0,0.0,0.0,6.55555927866455,4.84849729932049,8.97620066926235,0.0100568430257979,0.00830989531101471,0.0120595338431046,0.997553465221242,0.99683841939605,0.99814173543455,73.0,Assoc w R,RRDR and borderline RIF,Assoc w R,,Marker of R,,1) Assoc w R,,No change,,,yes,,,1
Rifampicin,rpoB,p.Leu452Val,rpoB_p.Leu452Val,1,missense_variant,"(see ""Genomic_coordinates"" sheet)",0.0,0.0,0.0,0.0,1.0,0.0,16809.0,30532.0,5.94883997620464e-05,1.50611474827621e-06,0.000331403082606904,1.0,0.999879187193184,1.0,1.0,0.025,1.0,,,,,,,,,,,2767.0,4649.0,0.0,0.0,inf,0.0465715996825058,inf,0.0,0.0,0.000219434511605659,1.0,0.999879187193184,1.0,3) Uncertain significance,3) Uncertain significance,ALL+WHO,3) Uncertain significance,,,,,,,,,,,,,,,,,,,,,,,,,,,,,,,,0.0,0.0,0.0,0.0,0.0,0.0,0.0,,,,,,,,,,,,RRDR,Assoc w RI,,,RRDR,2) Assoc w R - Interim,,No change,,,yes,RRDR,,1
Rifampicin,rpoB,p.Lys446Arg,rpoB_p.Lys446Arg,1,missense_variant,"(see ""Genomic_coordinates"" sheet)",0.0,0.0,0.0,0.0,2.0,1.0,16808.0,30531.0,0.000118976799524092,1.44089671711117e-05,0.000429718322928454,0.999967247478055,0.999817528289014,0.999999170778282,0.666666666666666,0.0942993240502461,0.991596241340387,,,,0.0,0.0,0.975,,,,,2645.0,4649.0,0.0,0.0,3.6329128986197,0.189104318453829,214.057761575796,0.0,0.0,0.000219447565534303,0.999967247478055,0.999817528289014,0.999999170778282,3) Uncertain significance,3) Uncertain significance,ALL+WHO,3) Uncertain significance,0.0,0.0,0.0,0.0,1.0,1.0,11501.0,23706.0,8.69414014953921e-05,2.20116328638192e-06,0.000484310228674856,0.999957818365883,0.999765001636458,0.999998932054057,0.5,0.012579117093425,0.987420882906574,,,,0.0,0.0,0.975,,,,,2201.0,3890.0,0.0,0.0,0.0,0.0,0.0,0.0,0.0,0.0,0.0,2.06121206851578,0.0262561678399451,161.601678830082,0.0,0.0,0.000320692802708327,0.999957818365883,0.999765001636458,0.999998932054057,,,RRDR,Assoc w RI,,,RRDR,2) Assoc w R - Interim,,No change,,,yes,RRDR,,1
Rifampicin,rpoB,p.Lys446Gln,rpoB_p.Lys446Gln,1,missense_variant,"(see ""Genomic_coordinates"" sheet)",0.0,0.0,0.0,0.0,5.0,1.0,16805.0,30531.0,0.000297441998810232,9.65854351254059e-05,0.000693992735539817,0.999967247478055,0.999817528289014,0.999999170778282,0.833333333333333,0.358765421002325,0.99578925548551,,,,0.0,0.0,0.975,,,,,2535.0,4649.0,0.0,0.0,9.08390360011901,1.01631102884943,428.726615606949,0.0,0.0,0.000219486736640675,0.999967247478055,0.999817528289014,0.999999170778282,3) Uncertain significance,3) Uncertain significance,ALL+WHO,3) Uncertain significance,0.0,0.0,0.0,0.0,4.0,1.0,11498.0,23706.0,0.000347765605981568,9.47622920753642e-05,0.000890176504133628,0.999957818365883,0.999765001636458,0.999998932054057,0.8,0.28358206388191,0.994949236620532,,,,0.0,0.0,0.975,,,,,2106.0,3890.0,0.0,0.0,0.0,0.0,0.0,0.0,0.0,0.0,0.0,8.24699947817011,0.815939832795188,405.284913246419,0.0,0.0,0.000320776462830572,0.999957818365883,0.999765001636458,0.999998932054057,,,RRDR,Assoc w RI,,,RRDR,2) Assoc w R - Interim,,No change,,,yes,RRDR,,1
Rifampicin,rpoB,p.Lys446Glu,rpoB_p.Lys446Glu,1,missense_variant,"(see ""Genomic_coordinates"" sheet)",1.0,1.0,0.0,1.0,2.0,1.0,16808.0,30531.0,0.000118976799524092,1.44089671711117e-05,0.000429718322928454,0.999967247478055,0.999817528289014,0.999999170778282,0.666666666666666,0.0942993240502461,0.991596241340387,0.0,0.0,0.975,0.0,0.0,0.975,0.0,0.0,70.7668929171829,1.0,1627.5,4649.0,0.0,0.0,3.6329128986197,0.189104318453829,214.057761575796,0.0,0.0,0.000219447565534303,0.999967247478055,0.999817528289014,0.999999170778282,3) Uncertain significance,3) Uncertain significance,ALL+WHO,3) Uncertain significance,,,,,,,,,,,,,,,,,,,,,,,,,,,,,,,,0.0,0.0,0.0,0.0,0.0,0.0,0.0,,,,,,,,,,,,RRDR,Assoc w RI,,,RRDR,2) Assoc w R - Interim,,No change,,,yes,RRDR,,1
Rifampicin,rpoB,p.Lys446Thr,rpoB_p.Lys446Thr,1,missense_variant,"(see ""Genomic_coordinates"" sheet)",0.0,0.0,0.0,0.0,1.0,0.0,16809.0,30532.0,5.94883997620464e-05,1.50611474827621e-06,0.000331403082606904,1.0,0.999879187193184,1.0,1.0,0.025,1.0,,,,,,,,,,,2599.0,4649.0,0.0,0.0,inf,0.0465715996825058,inf,0.0,0.0,0.000219434511605659,1.0,0.999879187193184,1.0,3) Uncertain significance,3) Uncertain significance,ALL+WHO,3) Uncertain significance,0.0,0.0,0.0,0.0,1.0,0.0,11501.0,23707.0,8.69414014953921e-05,2.20116328638192e-06,0.000484310228674856,1.0,0.999844409142079,1.0,1.0,0.025,1.0,,,,,,,,,,,2161.0,3890.0,0.0,0.0,0.0,0.0,0.0,0.0,0.0,0.0,0.0,inf,0.0528490600080728,inf,0.0,0.0,0.000320692802708327,1.0,0.999844409142079,1.0,,,RRDR,Assoc w RI,,,RRDR,2) Assoc w R - Interim,,No change,,,yes,RRDR,,1
Rifampicin,rpoB,p.Met434_Asn437delinsIle,rpoB_p.Met434_Asn437delinsIle,1,inframe_deletion,"(see ""Genomic_coordinates"" sheet)",1.0,1.0,1.0,0.0,1.0,0.0,16809.0,30532.0,5.94883997620464e-05,1.50611474827621e-06,0.000331403082606904,1.0,0.999879187193184,1.0,1.0,0.025,1.0,1.0,0.025,1.0,1.0,0.025,1.0,inf,0.0465715996825058,inf,0.355075831185839,416.0,4649.0,0.0,0.0,inf,0.0465715996825058,inf,5.94883997620464e-05,1.50611474827621e-06,0.000331403082606904,1.0,0.999879187193184,1.0,3) Uncertain significance,3) Uncertain significance,ALL+WHO,3) Uncertain significance,1.0,1.0,1.0,0.0,1.0,0.0,11501.0,23707.0,8.69414014953921e-05,2.20116328638192e-06,0.000484310228674856,1.0,0.999844409142079,1.0,1.0,0.025,1.0,1.0,0.025,1.0,1.0,0.025,1.0,inf,0.0528490600080728,inf,0.32667783805277,340.5,3890.0,0.0,0.0,0.0,0.0,0.0,0.0,0.0,0.0,0.0,inf,0.0528490600080728,inf,8.69414014953921e-05,2.20116328638192e-06,0.000484310228674856,1.0,0.999844409142079,1.0,,,RRDR,,,,RRDR,2) Assoc w R - Interim,,No change,,,yes,RRDR,,1
Rifampicin,rpoB,p.Met434_Asp435del,rpoB_p.Met434_Asp435del,1,inframe_deletion,"(see ""Genomic_coordinates"" sheet)",1.0,4.0,4.0,0.0,4.0,0.0,16806.0,30532.0,0.000237953599048185,6.48380309854233e-05,0.0006091426203383,1.0,0.999879187193184,1.0,1.0,0.397635364383525,1.0,1.0,0.397635364383525,1.0,1.0,0.397635364383525,1.0,inf,1.1990579265185,inf,0.0158922163386836,112.5,4649.0,0.0,0.0,inf,1.1990579265185,inf,0.000237953599048185,6.48380309854233e-05,0.0006091426203383,1.0,0.999879187193184,1.0,3) Uncertain significance,3) Uncertain significance,ALL+WHO,3) Uncertain significance,1.0,3.0,3.0,0.0,3.0,0.0,11499.0,23707.0,0.000260824204486176,5.37914516051481e-05,0.000762047929932555,1.0,0.999844409142079,1.0,1.0,0.292401773821286,1.0,1.0,0.292401773821286,1.0,1.0,0.292401773821286,1.0,inf,0.851788978516443,inf,0.0348564168530142,96.0,3890.0,0.0,0.0,0.0,0.0,0.0,0.0,0.0,0.0,0.0,inf,0.851788978516443,inf,0.000260824204486176,5.37914516051481e-05,0.000762047929932555,1.0,0.999844409142079,1.0,,,RRDR,,,,RRDR,2) Assoc w R - Interim,,No change,,,yes,RRDR,,1
Rifampicin,rpoB,p.Met434_Asp435insVal,rpoB_p.Met434_Asp435insVal,1,inframe_insertion,"(see ""Genomic_coordinates"" sheet)",0.0,0.0,0.0,0.0,1.0,0.0,16809.0,30532.0,5.94883997620464e-05,1.50611474827621e-06,0.000331403082606904,1.0,0.999879187193184,1.0,1.0,0.025,1.0,,,,,,,,,,,2585.0,4649.0,0.0,0.0,inf,0.0465715996825058,inf,0.0,0.0,0.000219434511605659,1.0,0.999879187193184,1.0,3) Uncertain significance,3) Uncertain significance,ALL+WHO,3) Uncertain significance,0.0,0.0,0.0,0.0,1.0,0.0,11501.0,23707.0,8.69414014953921e-05,2.20116328638192e-06,0.000484310228674856,1.0,0.999844409142079,1.0,1.0,0.025,1.0,,,,,,,,,,,2149.0,3890.0,0.0,0.0,0.0,0.0,0.0,0.0,0.0,0.0,0.0,inf,0.0528490600080728,inf,0.0,0.0,0.000320692802708327,1.0,0.999844409142079,1.0,,,RRDR,,,,RRDR,2) Assoc w R - Interim,,No change,,,yes,RRDR,,1
Rifampicin,rpoB,p.Met434Arg,rpoB_p.Met434Arg,1,missense_variant,"(see ""Genomic_coordinates"" sheet)",0.0,0.0,0.0,0.0,4.0,0.0,16806.0,30532.0,0.000237953599048185,6.48380309854233e-05,0.0006091426203383,1.0,0.999879187193184,1.0,1.0,0.397635364383525,1.0,,,,,,,,,,,2553.0,4649.0,0.0,0.0,inf,1.1990579265185,inf,0.0,0.0,0.000219473678051534,1.0,0.999879187193184,1.0,3) Uncertain significance,3) Uncertain significance,ALL+WHO,3) Uncertain significance,0.0,0.0,0.0,0.0,4.0,0.0,11498.0,23707.0,0.000347765605981568,9.47622920753642e-05,0.000890176504133628,1.0,0.999844409142079,1.0,1.0,0.397635364383525,1.0,,,,,,,,,,,2122.0,3890.0,0.0,0.0,0.0,0.0,0.0,0.0,0.0,0.0,0.0,inf,1.3608069907404,inf,0.0,0.0,0.000320776462830572,1.0,0.999844409142079,1.0,,,RRDR,,,,RRDR,2) Assoc w R - Interim,,No change,,,yes,RRDR,,1
Rifampicin,rpoB,p.Met434Ile,rpoB_p.Met434Ile,1,missense_variant,"(see ""Genomic_coordinates"" sheet)",1.0,1.0,1.0,0.0,33.0,2.0,16777.0,30530.0,0.00196311719214753,0.00135169297871974,0.00275585192368924,0.999934494956111,0.999763393503742,0.99999206693684,0.942857142857142,0.80842859365476,0.99300323637169,1.0,0.025,1.0,0.333333333333333,0.00840375865961264,0.905700675949754,inf,0.0466573680512858,inf,0.354654603872495,379.0,4649.0,0.0,0.0,30.0259283542945,7.67790829405535,256.475195375433,5.96018595780188e-05,1.50898729778041e-06,0.000332035068175461,0.999934494956111,0.999763393503742,0.99999206693684,3) Uncertain significance,3) Uncertain significance,ALL+WHO,3) Uncertain significance,1.0,1.0,1.0,0.0,22.0,2.0,11480.0,23705.0,0.00191271083289862,0.00119906180010764,0.00289444346770694,0.999915636731767,0.999695284447545,0.999989783053538,0.916666666666666,0.730027198442396,0.989743658718749,1.0,0.025,1.0,0.333333333333333,0.00840375865961264,0.905700675949754,inf,0.0529412606329625,inf,0.326294548968339,306.0,3890.0,0.0,0.0,0.0,0.0,0.0,0.0,0.0,0.0,0.0,22.713850174216,5.58176817799614,198.721420005626,8.71004267920912e-05,2.20518944943803e-06,0.00048519590848953,0.999915636731767,0.999695284447545,0.999989783053538,9.0,,RRDR,Assoc w RI,,,RRDR,2) Assoc w R - Interim,,No change,,,yes,RRDR,,1
Rifampicin,rpoB,p.Met434Leu,rpoB_p.Met434Leu,1,missense_variant,"(see ""Genomic_coordinates"" sheet)",1.0,0.0,0.0,0.0,0.0,1.0,16810.0,30531.0,0.0,0.0,0.000219421459229958,0.999967247478055,0.999817528289014,0.999999170778282,0.0,0.0,0.975,,,,0.0,0.0,0.975,,,,,2781.0,4649.0,0.0,0.0,0.0,0.0,70.7584826074924,0.0,0.0,0.000219421459229958,0.999967247478055,0.999817528289014,0.999999170778282,3) Uncertain significance,3) Uncertain significance,ALL+WHO,3) Uncertain significance,1.0,0.0,0.0,0.0,0.0,1.0,11502.0,23706.0,0.0,0.0,0.000320664925697395,0.999957818365883,0.999765001636458,0.999998932054057,0.0,0.0,0.975,,,,0.0,0.0,0.975,,,,,2322.0,3890.0,0.0,0.0,0.0,0.0,0.0,0.0,0.0,0.0,0.0,0.0,0.0,80.2840904370714,0.0,0.0,0.000320664925697395,0.999957818365883,0.999765001636458,0.999998932054057,,,RRDR,Assoc w RI,,,RRDR,2) Assoc w R - Interim,,No change,,,yes,RRDR,,1
Rifampicin,rpoB,p.Met434Thr,rpoB_p.Met434Thr,1,missense_variant,"(see ""Genomic_coordinates"" sheet)",0.0,0.0,0.0,0.0,2.0,0.0,16808.0,30532.0,0.000118976799524092,1.44089671711117e-05,0.000429718322928454,1.0,0.999879187193184,1.0,1.0,0.158113883008419,1.0,,,,,,,,,,,2614.0,4649.0,0.0,0.0,inf,0.341150751115529,inf,0.0,0.0,0.000219447565534303,1.0,0.999879187193184,1.0,3) Uncertain significance,3) Uncertain significance,ALL+WHO,3) Uncertain significance,0.0,0.0,0.0,0.0,2.0,0.0,11500.0,23707.0,0.000173882802990784,2.10587078620303e-05,0.000627981827233676,1.0,0.999844409142079,1.0,1.0,0.158113883008419,1.0,,,,,,,,,,,2175.0,3890.0,0.0,0.0,0.0,0.0,0.0,0.0,0.0,0.0,0.0,inf,0.387090251295738,inf,0.0,0.0,0.000320720684566658,1.0,0.999844409142079,1.0,,,RRDR,,,,RRDR,2) Assoc w R - Interim,,No change,,,yes,RRDR,,1
Rifampicin,rpoB,p.Met434Val,rpoB_p.Met434Val,1,missense_variant,"(see ""Genomic_coordinates"" sheet)",0.0,0.0,0.0,0.0,12.0,2.0,16798.0,30530.0,0.000713860797144556,0.000368914962606047,0.00124663876852724,0.999934494956111,0.999763393503742,0.99999206693684,0.857142857142857,0.571870839090301,0.982205484516808,,,,0.0,0.0,0.841886116991581,,,,,2769.0,4649.0,0.0,0.0,10.9048696273365,2.42713296283167,100.358487220483,0.0,0.0,0.000219578190293692,0.999934494956111,0.999763393503742,0.99999206693684,3) Uncertain significance,3) Uncertain significance,ALL+WHO,3) Uncertain significance,0.0,0.0,0.0,0.0,10.0,2.0,11492.0,23705.0,0.000869414014953921,0.000416994043678715,0.001598300185227,0.999915636731767,0.999695284447545,0.999989783053538,0.833333333333333,0.515862251314033,0.979137474539907,,,,0.0,0.0,0.841886116991581,,,,,2310.0,3890.0,0.0,0.0,0.0,0.0,0.0,0.0,0.0,0.0,0.0,10.3136964845109,2.19723369471473,96.8419022617611,0.0,0.0,0.000320943914091465,0.999915636731767,0.999695284447545,0.999989783053538,1.0,,RRDR,Assoc w RI,,,RRDR,2) Assoc w R - Interim,,No change,,,yes,RRDR,,1
Rifampicin,rpoB,p.Phe425_Gly426del,rpoB_p.Phe425_Gly426del,1,inframe_deletion,"(see ""Genomic_coordinates"" sheet)",0.0,0.0,0.0,0.0,1.0,0.0,16809.0,30532.0,5.94883997620464e-05,1.50611474827621e-06,0.000331403082606904,1.0,0.999879187193184,1.0,1.0,0.025,1.0,,,,,,,,,,,2429.0,4649.0,0.0,0.0,inf,0.0465715996825058,inf,0.0,0.0,0.000219434511605659,1.0,0.999879187193184,1.0,3) Uncertain significance,3) Uncertain significance,ALL+WHO,3) Uncertain significance,0.0,0.0,0.0,0.0,1.0,0.0,11501.0,23707.0,8.69414014953921e-05,2.20116328638192e-06,0.000484310228674856,1.0,0.999844409142079,1.0,1.0,0.025,1.0,,,,,,,,,,,2020.0,3890.0,0.0,0.0,0.0,0.0,0.0,0.0,0.0,0.0,0.0,inf,0.0528490600080728,inf,0.0,0.0,0.000320692802708327,1.0,0.999844409142079,1.0,,,RRDR,,,,RRDR,2) Assoc w R - Interim,,No change,,,yes,RRDR,,1
Rifampicin,rpoB,p.Phe433_Asp435del,rpoB_p.Phe433_Asp435del,1,inframe_deletion,"(see ""Genomic_coordinates"" sheet)",1.0,3.0,3.0,0.0,3.0,0.0,16807.0,30532.0,0.000178465199286139,3.68053268162106e-05,0.00052146158350611,1.0,0.999879187193184,1.0,1.0,0.292401773821286,1.0,1.0,0.292401773821286,1.0,1.0,0.292401773821286,1.0,inf,0.750576632084797,inf,0.0447623983612152,140.0,4649.0,0.0,0.0,inf,0.750576632084797,inf,0.000178465199286139,3.68053268162106e-05,0.00052146158350611,1.0,0.999879187193184,1.0,3) Uncertain significance,3) Uncertain significance,ALL+WHO,3) Uncertain significance,1.0,2.0,2.0,0.0,2.0,0.0,11500.0,23707.0,0.000173882802990784,2.10587078620303e-05,0.000627981827233676,1.0,0.999844409142079,1.0,1.0,0.158113883008419,1.0,1.0,0.158113883008419,1.0,1.0,0.158113883008419,1.0,inf,0.387090251295738,inf,0.10671216244731,152.5,3890.0,0.0,0.0,0.0,0.0,0.0,0.0,0.0,0.0,0.0,inf,0.387090251295738,inf,0.000173882802990784,2.10587078620303e-05,0.000627981827233676,1.0,0.999844409142079,1.0,,,RRDR,,,Marker of R,RRDR,2) Assoc w R - Interim,,No change,,,yes,RRDR,,1
Rifampicin,rpoB,p.Phe433_Gln436del,rpoB_p.Phe433_Gln436del,1,inframe_deletion,"(see ""Genomic_coordinates"" sheet)",1.0,1.0,1.0,0.0,2.0,1.0,16808.0,30531.0,0.000118976799524092,1.44089671711117e-05,0.000429718322928454,0.999967247478055,0.999817528289014,0.999999170778282,0.666666666666666,0.0942993240502461,0.991596241340387,1.0,0.025,1.0,0.5,0.012579117093425,0.987420882906574,inf,0.0465728448998709,inf,0.355069708491761,394.0,4649.0,0.0,0.0,3.6329128986197,0.189104318453829,214.057761575796,5.94919388422868e-05,1.50620434989522e-06,0.000331422795737767,0.999967247478055,0.999817528289014,0.999999170778282,3) Uncertain significance,3) Uncertain significance,ALL+WHO,3) Uncertain significance,1.0,0.0,0.0,0.0,0.0,1.0,11502.0,23706.0,0.0,0.0,0.000320664925697395,0.999957818365883,0.999765001636458,0.999998932054057,0.0,0.0,0.975,,,,0.0,0.0,0.975,,,,,2137.0,3890.0,0.0,0.0,0.0,0.0,0.0,0.0,0.0,0.0,0.0,0.0,0.0,80.2840904370714,0.0,0.0,0.000320664925697395,0.999957818365883,0.999765001636458,0.999998932054057,2.0,,RRDR,,,,RRDR,2) Assoc w R - Interim,,No change,,,yes,RRDR,,1
Rifampicin,rpoB,p.Phe433dup,rpoB_p.Phe433dup,1,inframe_insertion,"(see ""Genomic_coordinates"" sheet)",1.0,24.0,24.0,0.0,26.0,0.0,16784.0,30532.0,0.0015466983938132,0.00101059577405045,0.00226545603351431,1.0,0.999879187193184,1.0,1.0,0.867725395502245,1.0,1.0,0.857526402277474,1.0,1.0,0.857526402277474,1.0,inf,10.9469444363805,inf,1.59332554442547e-11,19.0,4649.0,1.0,0.0,inf,11.9323359519505,inf,0.0014278914802475,0.000915084579869834,0.0021238491622435,1.0,0.999879187193184,1.0,1) Assoc w R,1) Assoc w R,ALL+WHO,1) Assoc w R,1.0,16.0,16.0,0.0,17.0,0.0,11485.0,23707.0,0.00147800382542166,0.000861220016155565,0.00236537605429428,1.0,0.999844409142079,1.0,1.0,0.804935677030906,1.0,1.0,0.794092785792177,1.0,1.0,0.794092785792177,1.0,inf,7.95683041409628,inf,1.66899480560008e-08,20.0,3890.0,1.0,0.0,0.0,0.0,0.0,0.0,0.0,0.0,0.0,inf,8.51620393516598,inf,0.00139118337535866,0.000795384004583865,0.00225821410587643,1.0,0.999844409142079,1.0,3.0,,RRDR,,,,,1) Assoc w R,,UP from AwRI to AwR,,,yes,,,4
Rifampicin,rpoB,p.Pro439Ala,rpoB_p.Pro439Ala,1,missense_variant,"(see ""Genomic_coordinates"" sheet)",0.0,0.0,0.0,0.0,1.0,0.0,16809.0,30532.0,5.94883997620464e-05,1.50611474827621e-06,0.000331403082606904,1.0,0.999879187193184,1.0,1.0,0.025,1.0,,,,,,,,,,,2500.0,4649.0,0.0,0.0,inf,0.0465715996825058,inf,0.0,0.0,0.000219434511605659,1.0,0.999879187193184,1.0,3) Uncertain significance,3) Uncertain significance,ALL+WHO,3) Uncertain significance,,,,,,,,,,,,,,,,,,,,,,,,,,,,,,,,0.0,0.0,0.0,0.0,0.0,0.0,0.0,,,,,,,,,,,,RRDR,,,,RRDR,2) Assoc w R - Interim,,No change,,,yes,RRDR,,1
Rifampicin,rpoB,p.Pro439Leu,rpoB_p.Pro439Leu,1,missense_variant,"(see ""Genomic_coordinates"" sheet)",1.0,1.0,0.0,1.0,0.0,1.0,16810.0,30531.0,0.0,0.0,0.000219421459229958,0.999967247478055,0.999817528289014,0.999999170778282,0.0,0.0,0.975,0.0,0.0,0.975,0.0,0.0,0.975,0.0,0.0,70.7584826074924,1.0,1627.5,4649.0,0.0,0.0,0.0,0.0,70.7584826074924,0.0,0.0,0.000219421459229958,0.999967247478055,0.999817528289014,0.999999170778282,3) Uncertain significance,3) Uncertain significance,ALL+WHO,3) Uncertain significance,,,,,,,,,,,,,,,,,,,,,,,,,,,,,,,,0.0,0.0,0.0,0.0,0.0,0.0,0.0,,,,,,,,,,,,RRDR,Assoc w RI,,,RRDR,2) Assoc w R - Interim,,No change,,,yes,RRDR,,1
Rifampicin,rpoB,p.Pro439Ser,rpoB_p.Pro439Ser,1,missense_variant,"(see ""Genomic_coordinates"" sheet)",0.0,0.0,0.0,0.0,1.0,0.0,16809.0,30532.0,5.94883997620464e-05,1.50611474827621e-06,0.000331403082606904,1.0,0.999879187193184,1.0,1.0,0.025,1.0,,,,,,,,,,,2586.0,4649.0,0.0,0.0,inf,0.0465715996825058,inf,0.0,0.0,0.000219434511605659,1.0,0.999879187193184,1.0,3) Uncertain significance,3) Uncertain significance,ALL+WHO,3) Uncertain significance,0.0,0.0,0.0,0.0,1.0,0.0,11501.0,23707.0,8.69414014953921e-05,2.20116328638192e-06,0.000484310228674856,1.0,0.999844409142079,1.0,1.0,0.025,1.0,,,,,,,,,,,2150.0,3890.0,0.0,0.0,0.0,0.0,0.0,0.0,0.0,0.0,0.0,inf,0.0528490600080728,inf,0.0,0.0,0.000320692802708327,1.0,0.999844409142079,1.0,,,RRDR,Assoc w RI,,,RRDR,2) Assoc w R - Interim,,No change,,,yes,RRDR,,1
Rifampicin,rpoB,p.Ser428Arg,rpoB_p.Ser428Arg,1,missense_variant,"(see ""Genomic_coordinates"" sheet)",0.0,0.0,0.0,0.0,7.0,1.0,16803.0,30531.0,0.000416418798334324,0.000167437820935922,0.000857792460925722,0.999967247478055,0.999817528289014,0.999999170778282,0.875,0.473490329124793,0.996840276468748,,,,0.0,0.0,0.975,,,,,2554.0,4649.0,0.0,0.0,12.7189787537939,1.63372483035451,571.646572779703,0.0,0.0,0.000219512858481393,0.999967247478055,0.999817528289014,0.999999170778282,3) Uncertain significance,3) Uncertain significance,ALL+WHO,3) Uncertain significance,0.0,0.0,0.0,0.0,4.0,1.0,11498.0,23706.0,0.000347765605981568,9.47622920753642e-05,0.000890176504133628,0.999957818365883,0.999765001636458,0.999998932054057,0.8,0.28358206388191,0.994949236620532,,,,0.0,0.0,0.975,,,,,2123.0,3890.0,0.0,0.0,0.0,0.0,0.0,0.0,0.0,0.0,0.0,8.24699947817011,0.815939832795188,405.284913246419,0.0,0.0,0.000320776462830572,0.999957818365883,0.999765001636458,0.999998932054057,4.0,,RRDR,Assoc w RI,,,RRDR,2) Assoc w R - Interim,,No change,,,yes,RRDR,,1
Rifampicin,rpoB,p.Ser428Gly,rpoB_p.Ser428Gly,1,missense_variant,"(see ""Genomic_coordinates"" sheet)",0.0,0.0,0.0,0.0,4.0,1.0,16806.0,30531.0,0.000237953599048185,6.48380309854233e-05,0.0006091426203383,0.999967247478055,0.999817528289014,0.999999170778282,0.8,0.28358206388191,0.994949236620532,,,,0.0,0.0,0.975,,,,,2459.0,4649.0,0.0,0.0,7.26669046769011,0.71899465830523,357.208630433948,0.0,0.0,0.000219473678051534,0.999967247478055,0.999817528289014,0.999999170778282,3) Uncertain significance,3) Uncertain significance,ALL+WHO,3) Uncertain significance,0.0,0.0,0.0,0.0,1.0,0.0,11501.0,23707.0,8.69414014953921e-05,2.20116328638192e-06,0.000484310228674856,1.0,0.999844409142079,1.0,1.0,0.025,1.0,,,,,,,,,,,2046.0,3890.0,0.0,0.0,0.0,0.0,0.0,0.0,0.0,0.0,0.0,inf,0.0528490600080728,inf,0.0,0.0,0.000320692802708327,1.0,0.999844409142079,1.0,,,RRDR,Assoc w RI,,,RRDR,2) Assoc w R - Interim,,No change,,,yes,RRDR,,1
Rifampicin,rpoB,p.Ser428Ile,rpoB_p.Ser428Ile,1,missense_variant,"(see ""Genomic_coordinates"" sheet)",0.0,0.0,0.0,0.0,3.0,1.0,16807.0,30531.0,0.000178465199286139,3.68053268162106e-05,0.00052146158350611,0.999967247478055,0.999817528289014,0.999999170778282,0.75,0.194120449683243,0.99369053679029,,,,0.0,0.0,0.975,,,,,2600.0,4649.0,0.0,0.0,5.44969358005592,0.437509494081317,285.652299683162,0.0,0.0,0.000219460621016169,0.999967247478055,0.999817528289014,0.999999170778282,3) Uncertain significance,3) Uncertain significance,ALL+WHO,3) Uncertain significance,0.0,0.0,0.0,0.0,2.0,1.0,11500.0,23706.0,0.000173882802990784,2.10587078620303e-05,0.000627981827233676,0.999957818365883,0.999765001636458,0.999998932054057,0.666666666666666,0.0942993240502461,0.991596241340387,,,,0.0,0.0,0.975,,,,,2162.0,3890.0,0.0,0.0,0.0,0.0,0.0,0.0,0.0,0.0,0.0,4.12278260869565,0.214595716751533,242.875597172384,0.0,0.0,0.000320720684566658,0.999957818365883,0.999765001636458,0.999998932054057,,,RRDR,Assoc w RI,,,RRDR,2) Assoc w R - Interim,,No change,,,yes,RRDR,,1
Rifampicin,rpoB,p.Ser428Thr,rpoB_p.Ser428Thr,1,missense_variant,"(see ""Genomic_coordinates"" sheet)",0.0,0.0,0.0,0.0,5.0,0.0,16805.0,30532.0,0.000297441998810232,9.65854351254059e-05,0.000693992735539817,1.0,0.999879187193184,1.0,1.0,0.478176249895018,1.0,,,,,,,,,,,2555.0,4649.0,0.0,0.0,inf,1.66460481015123,inf,0.0,0.0,0.000219486736640675,1.0,0.999879187193184,1.0,3) Uncertain significance,3) Uncertain significance,ALL+WHO,3) Uncertain significance,0.0,0.0,0.0,0.0,5.0,0.0,11497.0,23707.0,0.00043470700747696,0.000141162766530747,0.00101416710312943,1.0,0.999844409142079,1.0,1.0,0.478176249895018,1.0,,,,,,,,,,,2124.0,3890.0,0.0,0.0,0.0,0.0,0.0,0.0,0.0,0.0,0.0,inf,1.88913119689894,inf,0.0,0.0,0.000320804359238686,1.0,0.999844409142079,1.0,,,RRDR,Assoc w RI,,,RRDR,2) Assoc w R - Interim,,No change,,,yes,RRDR,,1
Rifampicin,rpoB,p.Ser431_Gln432insArg,rpoB_p.Ser431_Gln432insArg,1,inframe_insertion,"(see ""Genomic_coordinates"" sheet)",1.0,3.0,3.0,0.0,4.0,0.0,16806.0,30532.0,0.000237953599048185,6.48380309854233e-05,0.0006091426203383,1.0,0.999879187193184,1.0,1.0,0.397635364383525,1.0,1.0,0.292401773821286,1.0,1.0,0.292401773821286,1.0,inf,0.750621306962686,inf,0.0447572460384271,138.0,4649.0,0.0,0.0,inf,1.1990579265185,inf,0.00017847581652686,3.68075165264409e-05,0.000521492600944578,1.0,0.999879187193184,1.0,3) Uncertain significance,3) Uncertain significance,ALL+WHO,3) Uncertain significance,1.0,2.0,2.0,0.0,2.0,0.0,11500.0,23707.0,0.000173882802990784,2.10587078620303e-05,0.000627981827233676,1.0,0.999844409142079,1.0,1.0,0.158113883008419,1.0,1.0,0.158113883008419,1.0,1.0,0.158113883008419,1.0,inf,0.387090251295738,inf,0.10671216244731,152.5,3890.0,0.0,0.0,0.0,0.0,0.0,0.0,0.0,0.0,0.0,inf,0.387090251295738,inf,0.000173882802990784,2.10587078620303e-05,0.000627981827233676,1.0,0.999844409142079,1.0,1.0,,RRDR,,,,RRDR,2) Assoc w R - Interim,,No change,,,yes,RRDR,,1
Rifampicin,rpoB,p.Ser431_Gln432insHis,rpoB_p.Ser431_Gln432insHis,1,inframe_insertion,"(see ""Genomic_coordinates"" sheet)",1.0,4.0,4.0,0.0,4.0,0.0,16806.0,30532.0,0.000237953599048185,6.48380309854233e-05,0.0006091426203383,1.0,0.999879187193184,1.0,1.0,0.397635364383525,1.0,1.0,0.397635364383525,1.0,1.0,0.397635364383525,1.0,inf,1.1990579265185,inf,0.0158922163386836,112.5,4649.0,0.0,0.0,inf,1.1990579265185,inf,0.000237953599048185,6.48380309854233e-05,0.0006091426203383,1.0,0.999879187193184,1.0,3) Uncertain significance,3) Uncertain significance,ALL+WHO,3) Uncertain significance,1.0,4.0,4.0,0.0,4.0,0.0,11498.0,23707.0,0.000347765605981568,9.47622920753642e-05,0.000890176504133628,1.0,0.999844409142079,1.0,1.0,0.397635364383525,1.0,1.0,0.397635364383525,1.0,1.0,0.397635364383525,1.0,inf,1.3608069907404,inf,0.0113848189908768,78.5,3890.0,0.0,0.0,0.0,0.0,0.0,0.0,0.0,0.0,0.0,inf,1.3608069907404,inf,0.000347765605981568,9.47622920753642e-05,0.000890176504133628,1.0,0.999844409142079,1.0,,,RRDR,,,,RRDR,2) Assoc w R - Interim,,No change,,,yes,RRDR,,1
Rifampicin,rpoB,p.Ser431_Met434del,rpoB_p.Ser431_Met434del,1,inframe_deletion,"(see ""Genomic_coordinates"" sheet)",1.0,1.0,1.0,0.0,1.0,0.0,16809.0,30532.0,5.94883997620464e-05,1.50611474827621e-06,0.000331403082606904,1.0,0.999879187193184,1.0,1.0,0.025,1.0,1.0,0.025,1.0,1.0,0.025,1.0,inf,0.0465715996825058,inf,0.355075831185839,416.0,4649.0,0.0,0.0,inf,0.0465715996825058,inf,5.94883997620464e-05,1.50611474827621e-06,0.000331403082606904,1.0,0.999879187193184,1.0,3) Uncertain significance,3) Uncertain significance,ALL+WHO,3) Uncertain significance,,,,,,,,,,,,,,,,,,,,,,,,,,,,,,,,0.0,0.0,0.0,0.0,0.0,0.0,0.0,,,,,,,,,,2.0,,RRDR,,,,RRDR,2) Assoc w R - Interim,,No change,,,yes,RRDR,,1
Rifampicin,rpoB,p.Ser431Arg,rpoB_p.Ser431Arg,1,missense_variant,"(see ""Genomic_coordinates"" sheet)",0.0,0.0,0.0,0.0,6.0,0.0,16804.0,30532.0,0.000356930398572278,0.000130998068917797,0.000776724091447791,1.0,0.999879187193184,1.0,1.0,0.540741873560099,1.0,,,,,,,,,,,2703.0,4649.0,0.0,0.0,inf,2.13890645017026,inf,0.0,0.0,0.000219499796783869,1.0,0.999879187193184,1.0,3) Uncertain significance,3) Uncertain significance,ALL+WHO,3) Uncertain significance,0.0,0.0,0.0,0.0,6.0,0.0,11496.0,23707.0,0.000521648408972352,0.000191459062774625,0.00113506056981396,1.0,0.999844409142079,1.0,1.0,0.540741873560099,1.0,,,,,,,,,,,2252.0,3890.0,0.0,0.0,0.0,0.0,0.0,0.0,0.0,0.0,0.0,inf,2.42738974088595,inf,0.0,0.0,0.000320832260499258,1.0,0.999844409142079,1.0,,,RRDR,Assoc w RI,,,RRDR,2) Assoc w R - Interim,,No change,,,yes,RRDR,,1
Rifampicin,rpoB,p.Ser431Asn,rpoB_p.Ser431Asn,1,missense_variant,"(see ""Genomic_coordinates"" sheet)",0.0,0.0,0.0,0.0,3.0,0.0,16807.0,30532.0,0.000178465199286139,3.68053268162106e-05,0.00052146158350611,1.0,0.999879187193184,1.0,1.0,0.292401773821286,1.0,,,,,,,,,,,2601.0,4649.0,0.0,0.0,inf,0.750576632084797,inf,0.0,0.0,0.000219460621016169,1.0,0.999879187193184,1.0,3) Uncertain significance,3) Uncertain significance,ALL+WHO,3) Uncertain significance,0.0,0.0,0.0,0.0,3.0,0.0,11499.0,23707.0,0.000260824204486176,5.37914516051481e-05,0.000762047929932555,1.0,0.999844409142079,1.0,1.0,0.292401773821286,1.0,,,,,,,,,,,2163.0,3890.0,0.0,0.0,0.0,0.0,0.0,0.0,0.0,0.0,0.0,inf,0.851788978516443,inf,0.0,0.0,0.000320748571273651,1.0,0.999844409142079,1.0,,,RRDR,,,,RRDR,2) Assoc w R - Interim,,No change,,,yes,RRDR,,1
Rifampicin,rpoB,p.Ser431Gly,rpoB_p.Ser431Gly,1,missense_variant,"(see ""Genomic_coordinates"" sheet)",1.0,1.0,0.0,1.0,10.0,1.0,16800.0,30531.0,0.000594883997620464,0.000285305684944214,0.00109373983334496,0.999967247478055,0.999817528289014,0.999999170778282,0.909090909090909,0.587220083011617,0.997701027786185,0.0,0.0,0.975,0.0,0.0,0.975,0.0,0.0,70.8005541583397,1.0,1627.5,4649.0,0.0,0.0,18.1732142857142,2.58478875004711,785.727835535391,0.0,0.0,0.000219552052902727,0.999967247478055,0.999817528289014,0.999999170778282,3) Uncertain significance,3) Uncertain significance,ALL+WHO,3) Uncertain significance,1.0,1.0,0.0,1.0,9.0,1.0,11493.0,23706.0,0.000782472613458529,0.000357856744032263,0.00148485474620048,0.999957818365883,0.999765001636458,0.999998932054057,0.9,0.554983882971804,0.997471421455538,0.0,0.0,0.975,0.0,0.0,0.975,0.0,0.0,80.346880805265,1.0,1214.5,3890.0,0.0,0.0,0.0,0.0,0.0,0.0,0.0,0.0,0.0,18.5638214565387,2.57162110235215,810.478378810226,0.0,0.0,0.000320915993408392,0.999957818365883,0.999765001636458,0.999998932054057,3.0,,RRDR,Assoc w RI,,,RRDR,2) Assoc w R - Interim,,No change,,,yes,RRDR,,1
Rifampicin,rpoB,p.Ser431Thr,rpoB_p.Ser431Thr,1,missense_variant,"(see ""Genomic_coordinates"" sheet)",0.0,0.0,0.0,0.0,2.0,1.0,16808.0,30531.0,0.000118976799524092,1.44089671711117e-05,0.000429718322928454,0.999967247478055,0.999817528289014,0.999999170778282,0.666666666666666,0.0942993240502461,0.991596241340387,,,,0.0,0.0,0.975,,,,,2704.0,4649.0,0.0,0.0,3.6329128986197,0.189104318453829,214.057761575796,0.0,0.0,0.000219447565534303,0.999967247478055,0.999817528289014,0.999999170778282,3) Uncertain significance,3) Uncertain significance,ALL+WHO,3) Uncertain significance,0.0,0.0,0.0,0.0,2.0,1.0,11500.0,23706.0,0.000173882802990784,2.10587078620303e-05,0.000627981827233676,0.999957818365883,0.999765001636458,0.999998932054057,0.666666666666666,0.0942993240502461,0.991596241340387,,,,0.0,0.0,0.975,,,,,2253.0,3890.0,0.0,0.0,0.0,0.0,0.0,0.0,0.0,0.0,0.0,4.12278260869565,0.214595716751533,242.875597172384,0.0,0.0,0.000320720684566658,0.999957818365883,0.999765001636458,0.999998932054057,,,RRDR,Assoc w RI,,,RRDR,2) Assoc w R - Interim,,No change,,,yes,RRDR,,1
Rifampicin,rpoB,p.Ser441Ala,rpoB_p.Ser441Ala,1,missense_variant,"(see ""Genomic_coordinates"" sheet)",1.0,1.0,0.0,1.0,4.0,1.0,16806.0,30531.0,0.000237953599048185,6.48380309854233e-05,0.0006091426203383,0.999967247478055,0.999817528289014,0.999999170778282,0.8,0.28358206388191,0.994949236620532,0.0,0.0,0.975,0.0,0.0,0.975,0.0,0.0,70.7753052263996,1.0,1627.5,4649.0,0.0,0.0,7.26669046769011,0.71899465830523,357.208630433948,0.0,0.0,0.000219473678051534,0.999967247478055,0.999817528289014,0.999999170778282,3) Uncertain significance,3) Uncertain significance,ALL+WHO,3) Uncertain significance,0.0,0.0,0.0,0.0,3.0,0.0,11499.0,23707.0,0.000260824204486176,5.37914516051481e-05,0.000762047929932555,1.0,0.999844409142079,1.0,1.0,0.292401773821286,1.0,,,,,,,,,,,1981.0,3890.0,0.0,0.0,0.0,0.0,0.0,0.0,0.0,0.0,0.0,inf,0.851788978516443,inf,0.0,0.0,0.000320748571273651,1.0,0.999844409142079,1.0,,,RRDR,Assoc w RI,,,RRDR,2) Assoc w R - Interim,,No change,,,yes,RRDR,,1
Rifampicin,rpoB,p.Ser441Gln,rpoB_p.Ser441Gln,1,missense_variant,"(see ""Genomic_coordinates"" sheet)",1.0,32.0,30.0,2.0,30.0,2.0,16780.0,30530.0,0.00178465199286139,0.00120441111287972,0.00254672951354614,0.999934494956111,0.999763393503742,0.99999206693684,0.9375,0.791930570104992,0.992339263653543,0.9375,0.791930570104992,0.992339263653543,0.9375,0.791930570104992,0.992339263653543,27.2914183551847,6.92307272451557,234.450870191415,6.80475033517315e-12,18.0,4649.0,1.0,0.0,27.2914183551847,6.92307272451557,234.450870191415,0.00178465199286139,0.00120441111287972,0.00254672951354614,0.999934494956111,0.999763393503742,0.99999206693684,1) Assoc w R,1) Assoc w R,ALL+WHO,1) Assoc w R,1.0,31.0,29.0,2.0,29.0,2.0,11473.0,23705.0,0.00252130064336637,0.00168918484735422,0.00361901681244135,0.999915636731767,0.999695284447545,0.999989783053538,0.935483870967742,0.785783842836597,0.992089016538145,0.935483870967742,0.785783842836597,0.992089016538145,0.935483870967742,0.785783842836597,0.992089016538145,29.9592521572387,7.57767903800278,257.324958193223,1.72881571263538e-12,16.0,3890.0,1.0,0.0,0.0,0.0,0.0,0.0,0.0,0.0,0.0,29.9592521572387,7.57767903800278,257.324958193223,0.00252130064336637,0.00168918484735422,0.00361901681244135,0.999915636731767,0.999695284447545,0.999989783053538,1.0,Assoc w R,RRDR,Assoc w R,,Marker of R,,1) Assoc w R,,No change,,,yes,,,1
Rifampicin,rpoB,p.Ser441Leu,rpoB_p.Ser441Leu,1,missense_variant,"(see ""Genomic_coordinates"" sheet)",1.0,18.0,17.0,1.0,38.0,1.0,16772.0,30531.0,0.00226055919095776,0.00160018760749268,0.00310148712776189,0.999967247478055,0.999817528289014,0.999999170778282,0.974358974358974,0.865236078440502,0.999351036104518,0.944444444444444,0.727056400326631,0.99859444383263,0.944444444444444,0.727056400326631,0.99859444383263,30.9460410207488,4.84807542252703,1285.34230975573,2.6633006562002e-07,29.0,4649.0,1.0,0.0,69.1735034581445,11.6856769054776,2762.84825243579,0.00101256775269521,0.000589965174090101,0.00162072566581822,0.999967247478055,0.999817528289014,0.999999170778282,1) Assoc w R,1) Assoc w R,ALL+WHO,1) Assoc w R,1.0,13.0,13.0,0.0,25.0,0.0,11477.0,23707.0,0.0021735350373848,0.00140707589428017,0.00320690572089761,1.0,0.999844409142079,1.0,1.0,0.862814828469287,1.0,1.0,0.752947361999529,1.0,1.0,0.752947361999529,1.0,inf,6.29348366145385,inf,4.75992617456018e-07,21.0,3890.0,1.0,0.0,0.0,0.0,0.0,0.0,0.0,0.0,0.0,inf,12.9870104436498,inf,0.0011314186248912,0.000602565949490815,0.0019339831735039,1.0,0.999844409142079,1.0,3.0,Assoc w R,RRDR,Assoc w R,,Marker of R,,1) Assoc w R,,No change,,,yes,,,1
Rifampicin,rpoB,p.Ser441Lys,rpoB_p.Ser441Lys,1,missense_variant,"(see ""Genomic_coordinates"" sheet)",1.0,1.0,0.0,1.0,0.0,1.0,16810.0,30531.0,0.0,0.0,0.000219421459229958,0.999967247478055,0.999817528289014,0.999999170778282,0.0,0.0,0.975,0.0,0.0,0.975,0.0,0.0,0.975,0.0,0.0,70.7584826074924,1.0,1627.5,4649.0,0.0,0.0,0.0,0.0,70.7584826074924,0.0,0.0,0.000219421459229958,0.999967247478055,0.999817528289014,0.999999170778282,3) Uncertain significance,3) Uncertain significance,ALL+WHO,3) Uncertain significance,1.0,1.0,0.0,1.0,0.0,1.0,11502.0,23706.0,0.0,0.0,0.000320664925697395,0.999957818365883,0.999765001636458,0.999998932054057,0.0,0.0,0.975,0.0,0.0,0.975,0.0,0.0,0.975,0.0,0.0,80.2840904370714,1.0,1214.5,3890.0,0.0,0.0,0.0,0.0,0.0,0.0,0.0,0.0,0.0,0.0,0.0,80.2840904370714,0.0,0.0,0.000320664925697395,0.999957818365883,0.999765001636458,0.999998932054057,,,RRDR,,,,RRDR,2) Assoc w R - Interim,,No change,,,yes,RRDR,,1
Rifampicin,rpoB,p.Ser441Met,rpoB_p.Ser441Met,1,missense_variant,"(see ""Genomic_coordinates"" sheet)",1.0,5.0,5.0,0.0,5.0,0.0,16805.0,30532.0,0.000297441998810232,9.65854351254059e-05,0.000693992735539817,1.0,0.999879187193184,1.0,1.0,0.478176249895018,1.0,1.0,0.478176249895018,1.0,1.0,0.478176249895018,1.0,inf,1.66460481015123,inf,0.00564207587536264,89.0,4649.0,0.0,0.0,inf,1.66460481015123,inf,0.000297441998810232,9.65854351254059e-05,0.000693992735539817,1.0,0.999879187193184,1.0,3) Uncertain significance,3) Uncertain significance,ALL+WHO,3) Uncertain significance,1.0,3.0,3.0,0.0,3.0,0.0,11499.0,23707.0,0.000260824204486176,5.37914516051481e-05,0.000762047929932555,1.0,0.999844409142079,1.0,1.0,0.292401773821286,1.0,1.0,0.292401773821286,1.0,1.0,0.292401773821286,1.0,inf,0.851788978516443,inf,0.0348564168530142,96.0,3890.0,0.0,0.0,0.0,0.0,0.0,0.0,0.0,0.0,0.0,inf,0.851788978516443,inf,0.000260824204486176,5.37914516051481e-05,0.000762047929932555,1.0,0.999844409142079,1.0,,,RRDR,Assoc w RI,,,RRDR,2) Assoc w R - Interim,,No change,,,yes,RRDR,,1
Rifampicin,rpoB,p.Ser441Trp,rpoB_p.Ser441Trp,1,missense_variant,"(see ""Genomic_coordinates"" sheet)",1.0,1.0,1.0,0.0,1.0,0.0,16809.0,30532.0,5.94883997620464e-05,1.50611474827621e-06,0.000331403082606904,1.0,0.999879187193184,1.0,1.0,0.025,1.0,1.0,0.025,1.0,1.0,0.025,1.0,inf,0.0465715996825058,inf,0.355075831185839,416.0,4649.0,0.0,0.0,inf,0.0465715996825058,inf,5.94883997620464e-05,1.50611474827621e-06,0.000331403082606904,1.0,0.999879187193184,1.0,3) Uncertain significance,3) Uncertain significance,ALL+WHO,3) Uncertain significance,,,,,,,,,,,,,,,,,,,,,,,,,,,,,,,,0.0,0.0,0.0,0.0,0.0,0.0,0.0,,,,,,,,,,,,RRDR,,,,RRDR,2) Assoc w R - Interim,,No change,,,yes,RRDR,,1
Rifampicin,rpoB,p.Ser441Val,rpoB_p.Ser441Val,1,missense_variant,"(see ""Genomic_coordinates"" sheet)",1.0,3.0,3.0,0.0,3.0,0.0,16807.0,30532.0,0.000178465199286139,3.68053268162106e-05,0.00052146158350611,1.0,0.999879187193184,1.0,1.0,0.292401773821286,1.0,1.0,0.292401773821286,1.0,1.0,0.292401773821286,1.0,inf,0.750576632084797,inf,0.0447623983612152,140.0,4649.0,0.0,0.0,inf,0.750576632084797,inf,0.000178465199286139,3.68053268162106e-05,0.00052146158350611,1.0,0.999879187193184,1.0,3) Uncertain significance,3) Uncertain significance,ALL+WHO,3) Uncertain significance,1.0,2.0,2.0,0.0,2.0,0.0,11500.0,23707.0,0.000173882802990784,2.10587078620303e-05,0.000627981827233676,1.0,0.999844409142079,1.0,1.0,0.158113883008419,1.0,1.0,0.158113883008419,1.0,1.0,0.158113883008419,1.0,inf,0.387090251295738,inf,0.10671216244731,152.5,3890.0,0.0,0.0,0.0,0.0,0.0,0.0,0.0,0.0,0.0,inf,0.387090251295738,inf,0.000173882802990784,2.10587078620303e-05,0.000627981827233676,1.0,0.999844409142079,1.0,,,RRDR,Assoc w RI,,,RRDR,2) Assoc w R - Interim,,No change,,,yes,RRDR,,1
Rifampicin,rpoB,p.Ser450_Leu452del,rpoB_p.Ser450_Leu452del,1,inframe_deletion,"(see ""Genomic_coordinates"" sheet)",1.0,1.0,1.0,0.0,1.0,0.0,16809.0,30532.0,5.94883997620464e-05,1.50611474827621e-06,0.000331403082606904,1.0,0.999879187193184,1.0,1.0,0.025,1.0,1.0,0.025,1.0,1.0,0.025,1.0,inf,0.0465715996825058,inf,0.355075831185839,416.0,4649.0,0.0,0.0,inf,0.0465715996825058,inf,5.94883997620464e-05,1.50611474827621e-06,0.000331403082606904,1.0,0.999879187193184,1.0,3) Uncertain significance,3) Uncertain significance,ALL+WHO,3) Uncertain significance,1.0,1.0,1.0,0.0,1.0,0.0,11501.0,23707.0,8.69414014953921e-05,2.20116328638192e-06,0.000484310228674856,1.0,0.999844409142079,1.0,1.0,0.025,1.0,1.0,0.025,1.0,1.0,0.025,1.0,inf,0.0528490600080728,inf,0.32667783805277,340.5,3890.0,0.0,0.0,0.0,0.0,0.0,0.0,0.0,0.0,0.0,inf,0.0528490600080728,inf,8.69414014953921e-05,2.20116328638192e-06,0.000484310228674856,1.0,0.999844409142079,1.0,,,RRDR,,,Marker of R,RRDR,2) Assoc w R - Interim,,No change,,,yes,RRDR,,1
Rifampicin,rpoB,p.Ser450Ala,rpoB_p.Ser450Ala,1,missense_variant,"(see ""Genomic_coordinates"" sheet)",0.0,0.0,0.0,0.0,1.0,0.0,16809.0,30532.0,5.94883997620464e-05,1.50611474827621e-06,0.000331403082606904,1.0,0.999879187193184,1.0,1.0,0.025,1.0,,,,,,,,,,,2460.0,4649.0,0.0,0.0,inf,0.0465715996825058,inf,0.0,0.0,0.000219434511605659,1.0,0.999879187193184,1.0,3) Uncertain significance,3) Uncertain significance,ALL+WHO,3) Uncertain significance,,,,,,,,,,,,,,,,,,,,,,,,,,,,,,,,0.0,0.0,0.0,0.0,0.0,0.0,0.0,,,,,,,,,,,,RRDR,Assoc w RI,,,RRDR,2) Assoc w R - Interim,,No change,,,yes,RRDR,,1
Rifampicin,rpoB,p.Ser450Cys,rpoB_p.Ser450Cys,1,missense_variant,"(see ""Genomic_coordinates"" sheet)",1.0,6.0,2.0,4.0,3.0,5.0,16807.0,30527.0,0.000178465199286139,3.68053268162106e-05,0.00052146158350611,0.999836237390279,0.999617874429585,0.999946824656822,0.375,0.0852334141372535,0.755136783633448,0.333333333333333,0.0432718682927417,0.777221904496487,0.285714285714285,0.0366925661760855,0.709579136262657,0.908163265306122,0.0821259426795458,6.33871613747649,1.0,1627.5,4649.0,0.0,0.0,1.08979591836734,0.169210020231233,5.60160594690905,0.000118983877684573,1.44098244078294e-05,0.000429743883731532,0.999836237390279,0.999617874429585,0.999946824656822,3) Uncertain significance,3) Uncertain significance,ALL+WHO,3) Uncertain significance,1.0,4.0,1.0,3.0,2.0,4.0,11500.0,23703.0,0.000173882802990784,2.10587078620303e-05,0.000627981827233676,0.999831273463534,0.999568049920357,0.99995402584539,0.333333333333333,0.0432718682927417,0.777221904496487,0.25,0.00630946320970987,0.805879550316756,0.2,0.00505076337946806,0.716417936118089,0.687043478260869,0.01309064337405,8.55811588658192,1.0,504.0,3890.0,0.0,0.0,0.0,0.0,0.0,0.0,0.0,0.0,0.0,1.0305652173913,0.0931903474189042,7.19201282268065,8.69489609599165e-05,2.20135467503192e-06,0.000484352330576856,0.999831273463534,0.999568049920357,0.99995402584539,1.0,,RRDR,Assoc w RI,,,RRDR,2) Assoc w R - Interim,,No change,,,yes,RRDR,,1
Rifampicin,rpoB,p.Ser450Gln,rpoB_p.Ser450Gln,1,missense_variant,"(see ""Genomic_coordinates"" sheet)",1.0,9.0,9.0,0.0,12.0,0.0,16798.0,30532.0,0.000713860797144556,0.000368914962606047,0.00124663876852724,1.0,0.999879187193184,1.0,1.0,0.735351530602948,1.0,1.0,0.663732883120057,1.0,1.0,0.663732883120057,1.0,inf,3.58695808346022,inf,8.95034906264853e-05,50.0,4649.0,1.0,0.0,inf,5.04894728912605,inf,0.000535491164395787,0.000244888962724368,0.00101628454731894,1.0,0.999879187193184,1.0,1) Assoc w R,1) Assoc w R,ALL,3) Uncertain significance,1.0,2.0,2.0,0.0,5.0,0.0,11497.0,23707.0,0.00043470700747696,0.000141162766530747,0.00101416710312943,1.0,0.999844409142079,1.0,1.0,0.478176249895018,1.0,1.0,0.158113883008419,1.0,1.0,0.158113883008419,1.0,inf,0.387191276945091,inf,0.106674679077367,148.0,3890.0,0.0,0.0,0.0,0.0,0.0,0.0,0.0,0.0,0.0,inf,1.88913119689894,inf,0.000173928167666753,2.10642020967855e-05,0.000628145625606295,1.0,0.999844409142079,1.0,2.0,,RRDR,Assoc w RI,,Marker of R,Evidence from ALL dataset only,2) Assoc w R - Interim,,No change,,,yes,ALL only,,1
Rifampicin,rpoB,p.Ser450Gly,rpoB_p.Ser450Gly,1,missense_variant,"(see ""Genomic_coordinates"" sheet)",1.0,4.0,2.0,2.0,3.0,2.0,16807.0,30530.0,0.000178465199286139,3.68053268162106e-05,0.00052146158350611,0.999934494956111,0.999763393503742,0.99999206693684,0.6,0.146632799634673,0.947255049473683,0.5,0.067585986488543,0.932414013511457,0.5,0.067585986488543,0.932414013511457,1.81650502766704,0.131644282960758,25.0667488200294,0.618995337920762,927.0,4649.0,0.0,0.0,2.72475754150056,0.312074221533576,32.6324551811023,0.000118983877684573,1.44098244078294e-05,0.000429743883731532,0.999934494956111,0.999763393503742,0.99999206693684,3) Uncertain significance,3) Uncertain significance,ALL+WHO,3) Uncertain significance,1.0,3.0,1.0,2.0,2.0,2.0,11500.0,23705.0,0.000173882802990784,2.10587078620303e-05,0.000627981827233676,0.999915636731767,0.999695284447545,0.999989783053538,0.5,0.067585986488543,0.932414013511457,0.333333333333333,0.00840375865961264,0.905700675949754,0.333333333333333,0.00840375865961264,0.905700675949754,1.03065217391304,0.0174732315977421,19.8074478808129,1.0,1214.5,3890.0,0.0,0.0,0.0,0.0,0.0,0.0,0.0,0.0,0.0,2.06130434782608,0.149383229063395,28.4413197127326,8.69489609599165e-05,2.20135467503192e-06,0.000484352330576856,0.999915636731767,0.999695284447545,0.999989783053538,1.0,,RRDR,Assoc w RI,,,RRDR,2) Assoc w R - Interim,,No change,,,yes,RRDR,,1
Rifampicin,rpoB,p.Ser450Leu,rpoB_p.Ser450Leu,1,missense_variant,"(see ""Genomic_coordinates"" sheet)",1.0,8912.0,8722.0,190.0,10859.0,226.0,6002.0,30643.0,0.644030603167072,0.636749459170877,0.651262035029771,0.992678739188182,0.991663679631157,0.993599347513677,0.979612088407758,0.976806641628867,0.982161471974732,0.978680430879712,0.975464149129494,0.981578212008473,0.974742959320518,0.971277346463109,0.977894567964179,234.367707255476,201.586771825091,273.007673940479,0.0,1.5,4649.0,1.0,0.0,245.310808639008,214.057996372405,282.118988462695,0.592366204835642,0.584377470741956,0.600318423799596,0.992678739188182,0.991663679631157,0.993599347513677,1) Assoc w R,1) Assoc w R,ALL+WHO,1) Assoc w R,1.0,6009.0,5932.0,77.0,7443.0,96.0,4094.0,23768.0,0.64514171795094,0.636331761002516,0.653878381655403,0.995977204156889,0.995089664633228,0.996740343963261,0.987266215678472,0.984471814434079,0.989673752773909,0.987185887834914,0.984010246052956,0.989874431751417,0.984074319840743,0.980586362230069,0.98708160773243,447.255013672209,353.866090712715,565.208352202861,0.0,1.0,3890.0,1.0,0.0,0.0,0.0,0.0,0.0,0.0,0.0,0.0,450.113031265266,369.841986455952,561.531483044593,0.591661679632954,0.581965085220083,0.601304996830076,0.995977204156889,0.995089664633228,0.996740343963261,2259.0,Assoc w R,RRDR,Assoc w R,,Marker of R,,1) Assoc w R,,No change,,,yes,,,1
Rifampicin,rpoB,p.Ser450Met,rpoB_p.Ser450Met,1,missense_variant,"(see ""Genomic_coordinates"" sheet)",1.0,9.0,8.0,1.0,8.0,1.0,16802.0,30531.0,0.000475907198096371,0.00020548462525215,0.000937510381255989,0.999967247478055,0.999817528289014,0.999999170778282,0.888888888888888,0.517503485082663,0.9971908632534,0.888888888888888,0.517503485082663,0.9971908632534,0.888888888888888,0.517503485082663,0.9971908632534,14.5368408522794,1.94857414115003,643.047530935858,0.00155489723115019,74.0,4649.0,0.0,0.0,14.5368408522794,1.94857414115003,643.047530935858,0.000475907198096371,0.00020548462525215,0.000937510381255989,0.999967247478055,0.999817528289014,0.999999170778282,3) Uncertain significance,3) Uncertain significance,ALL+WHO,3) Uncertain significance,1.0,3.0,3.0,0.0,3.0,0.0,11499.0,23707.0,0.000260824204486176,5.37914516051481e-05,0.000762047929932555,1.0,0.999844409142079,1.0,1.0,0.292401773821286,1.0,1.0,0.292401773821286,1.0,1.0,0.292401773821286,1.0,inf,0.851788978516443,inf,0.0348564168530142,96.0,3890.0,0.0,0.0,0.0,0.0,0.0,0.0,0.0,0.0,0.0,inf,0.851788978516443,inf,0.000260824204486176,5.37914516051481e-05,0.000762047929932555,1.0,0.999844409142079,1.0,,,RRDR,Assoc w RI,,,RRDR,2) Assoc w R - Interim,,No change,,,yes,RRDR,,1
Rifampicin,rpoB,p.Ser450Phe,rpoB_p.Ser450Phe,1,missense_variant,"(see ""Genomic_coordinates"" sheet)",1.0,195.0,195.0,0.0,206.0,1.0,16604.0,30531.0,0.0122546103509815,0.0106465043393595,0.0140346040838114,0.999967247478055,0.999817528289014,0.999999170778282,0.995169082125603,0.97337920029104,0.999877699228217,1.0,0.981260479169714,1.0,0.994897959183673,0.971902565304955,0.999870835852691,inf,96.2257257639345,inf,9.15280384703443e-89,5.0,4649.0,1.0,0.0,378.787400626355,67.2207922887263,13542.7743597902,0.0116078337996309,0.0100433149009616,0.0133446883762804,0.999967247478055,0.999817528289014,0.999999170778282,1) Assoc w R,1) Assoc w R,ALL+WHO,1) Assoc w R,1.0,170.0,170.0,0.0,173.0,0.0,11329.0,23707.0,0.0150408624587028,0.0128964223962606,0.0174355938687392,1.0,0.999844409142079,1.0,1.0,0.978902725349315,1.0,1.0,0.978534445019055,1.0,1.0,0.978534445019055,1.0,inf,95.308650327421,inf,1.04626561459335e-83,5.0,3890.0,1.0,0.0,0.0,0.0,0.0,0.0,0.0,0.0,0.0,inf,97.0402148881244,inf,0.014783894251674,0.0126580546583208,0.0171602766289846,1.0,0.999844409142079,1.0,18.0,Assoc w R,RRDR,Assoc w R,,Marker of R,,1) Assoc w R,,No change,,,yes,,,1
Rifampicin,rpoB,p.Ser450Trp,rpoB_p.Ser450Trp,1,missense_variant,"(see ""Genomic_coordinates"" sheet)",1.0,192.0,187.0,5.0,238.0,5.0,16572.0,30527.0,0.014158239143367,0.0124269750756415,0.0160604528017418,0.999836237390279,0.999617874429585,0.999946824656822,0.979423868312757,0.952638061557644,0.993286034635227,0.973958333333333,0.940276797504557,0.991491438485004,0.973958333333333,0.940276797504557,0.991491438485004,68.893905382573,28.9657564619819,215.156022378171,6.88086430991876e-77,6.0,4649.0,1.0,0.0,87.6831523050929,37.0526677703276,271.946108877763,0.0111581836625096,0.00962331242024939,0.0128660451516936,0.999836237390279,0.999617874429585,0.999946824656822,1) Assoc w R,1) Assoc w R,ALL+WHO,1) Assoc w R,1.0,149.0,146.0,3.0,194.0,3.0,11308.0,23704.0,0.016866631890106,0.01459273339424,0.0193895419803353,0.99987345509765,0.999630227076139,0.999973902638554,0.98477157360406,0.956143372552642,0.996848454529756,0.97986577181208,0.942288449533963,0.995828434749774,0.97986577181208,0.942288449533963,0.995828434749774,102.015800023582,34.2163972068191,499.508773325016,6.90836894659217e-67,6.0,3890.0,1.0,0.0,0.0,0.0,0.0,0.0,0.0,0.0,0.0,135.555241127225,45.6536056400685,666.677769846407,0.0127466387288283,0.0107731721482364,0.0149731777317047,0.99987345509765,0.999630227076139,0.999973902638554,31.0,Assoc w R,RRDR,Assoc w R,,Marker of R,,1) Assoc w R,,No change,,,yes,,,1
Rifampicin,rpoB,p.Ser450Tyr,rpoB_p.Ser450Tyr,1,missense_variant,"(see ""Genomic_coordinates"" sheet)",1.0,9.0,9.0,0.0,9.0,0.0,16801.0,30532.0,0.000535395597858417,0.000244845253515427,0.00101610321951737,1.0,0.999879187193184,1.0,1.0,0.663732883120057,1.0,1.0,0.663732883120057,1.0,1.0,0.663732883120057,1.0,inf,3.58631764003717,inf,8.95962936924637e-05,51.5,4649.0,1.0,0.0,inf,3.58631764003717,inf,0.000535395597858417,0.000244845253515427,0.00101610321951737,1.0,0.999879187193184,1.0,1) Assoc w R,1) Assoc w R,ALL+WHO,1) Assoc w R,1.0,9.0,9.0,0.0,9.0,0.0,11493.0,23707.0,0.000782472613458529,0.000357856744032263,0.00148485474620048,1.0,0.999844409142079,1.0,1.0,0.663732883120057,1.0,1.0,0.663732883120057,1.0,1.0,0.663732883120057,1.0,inf,4.07050547199104,inf,4.22825832734201e-05,35.0,3890.0,1.0,0.0,0.0,0.0,0.0,0.0,0.0,0.0,0.0,inf,4.07050547199104,inf,0.000782472613458529,0.000357856744032263,0.00148485474620048,1.0,0.999844409142079,1.0,3.0,,RRDR,Assoc w RI,,,,1) Assoc w R,,UP from AwRI to AwR,,,yes,,,4
Rifampicin,rpoB,p.Ser450Val,rpoB_p.Ser450Val,1,missense_variant,"(see ""Genomic_coordinates"" sheet)",1.0,4.0,0.0,4.0,5.0,4.0,16805.0,30528.0,0.000297441998810232,9.65854351254059e-05,0.000693992735539817,0.999868989912223,0.999664596427238,0.999964303043777,0.555555555555555,0.212008506778868,0.863004337734833,0.0,0.0,0.602364635616474,0.0,0.0,0.602364635616474,0.0,0.0,2.75224277947161,0.304362935828684,363.0,4649.0,0.0,0.0,2.27075275215709,0.488655453172155,11.44624379658,0.0,0.0,0.000219486736640675,0.999868989912223,0.999664596427238,0.999964303043777,3) Uncertain significance,3) Uncertain significance,ALL+WHO,3) Uncertain significance,1.0,1.0,0.0,1.0,3.0,1.0,11499.0,23706.0,0.000260824204486176,5.37914516051481e-05,0.000762047929932555,0.999957818365883,0.999765001636458,0.999998932054057,0.75,0.194120449683243,0.99369053679029,0.0,0.0,0.975,0.0,0.0,0.975,0.0,0.0,80.3050096524922,1.0,1214.5,3890.0,0.0,0.0,0.0,0.0,0.0,0.0,0.0,0.0,0.0,6.18471171406209,0.496496186771195,324.103527365594,0.0,0.0,0.000320748571273651,0.999957818365883,0.999765001636458,0.999998932054057,1.0,,RRDR,Assoc w RI,,,RRDR,2) Assoc w R - Interim,,No change,,,yes,RRDR,,1
Rifampicin,rpoB,p.Thr427_Gln429del,rpoB_p.Thr427_Gln429del,1,inframe_deletion,"(see ""Genomic_coordinates"" sheet)",1.0,1.0,1.0,0.0,1.0,0.0,16809.0,30532.0,5.94883997620464e-05,1.50611474827621e-06,0.000331403082606904,1.0,0.999879187193184,1.0,1.0,0.025,1.0,1.0,0.025,1.0,1.0,0.025,1.0,inf,0.0465715996825058,inf,0.355075831185839,416.0,4649.0,0.0,0.0,inf,0.0465715996825058,inf,5.94883997620464e-05,1.50611474827621e-06,0.000331403082606904,1.0,0.999879187193184,1.0,3) Uncertain significance,3) Uncertain significance,ALL+WHO,3) Uncertain significance,1.0,1.0,1.0,0.0,1.0,0.0,11501.0,23707.0,8.69414014953921e-05,2.20116328638192e-06,0.000484310228674856,1.0,0.999844409142079,1.0,1.0,0.025,1.0,1.0,0.025,1.0,1.0,0.025,1.0,inf,0.0528490600080728,inf,0.32667783805277,340.5,3890.0,0.0,0.0,0.0,0.0,0.0,0.0,0.0,0.0,0.0,inf,0.0528490600080728,inf,8.69414014953921e-05,2.20116328638192e-06,0.000484310228674856,1.0,0.999844409142079,1.0,,,RRDR,,,,RRDR,2) Assoc w R - Interim,,No change,,,yes,RRDR,,1
Rifampicin,rpoB,p.Thr427_Gln429delinsLys,rpoB_p.Thr427_Gln429delinsLys,1,inframe_deletion,"(see ""Genomic_coordinates"" sheet)",1.0,1.0,1.0,0.0,1.0,0.0,16809.0,30532.0,5.94883997620464e-05,1.50611474827621e-06,0.000331403082606904,1.0,0.999879187193184,1.0,1.0,0.025,1.0,1.0,0.025,1.0,1.0,0.025,1.0,inf,0.0465715996825058,inf,0.355075831185839,416.0,4649.0,0.0,0.0,inf,0.0465715996825058,inf,5.94883997620464e-05,1.50611474827621e-06,0.000331403082606904,1.0,0.999879187193184,1.0,3) Uncertain significance,3) Uncertain significance,ALL+WHO,3) Uncertain significance,1.0,1.0,1.0,0.0,1.0,0.0,11501.0,23707.0,8.69414014953921e-05,2.20116328638192e-06,0.000484310228674856,1.0,0.999844409142079,1.0,1.0,0.025,1.0,1.0,0.025,1.0,1.0,0.025,1.0,inf,0.0528490600080728,inf,0.32667783805277,340.5,3890.0,0.0,0.0,0.0,0.0,0.0,0.0,0.0,0.0,0.0,inf,0.0528490600080728,inf,8.69414014953921e-05,2.20116328638192e-06,0.000484310228674856,1.0,0.999844409142079,1.0,1.0,,RRDR,,,,RRDR,2) Assoc w R - Interim,,No change,,,yes,RRDR,,1
Rifampicin,rpoB,p.Thr427_Ser428del,rpoB_p.Thr427_Ser428del,1,inframe_deletion,"(see ""Genomic_coordinates"" sheet)",1.0,5.0,4.0,1.0,4.0,1.0,16806.0,30531.0,0.000237953599048185,6.48380309854233e-05,0.0006091426203383,0.999967247478055,0.999817528289014,0.999999170778282,0.8,0.28358206388191,0.994949236620532,0.8,0.28358206388191,0.994949236620532,0.8,0.28358206388191,0.994949236620532,7.26669046769011,0.71899465830523,357.208630433948,0.0568927781919675,167.0,4649.0,0.0,0.0,7.26669046769011,0.71899465830523,357.208630433948,0.000237953599048185,6.48380309854233e-05,0.0006091426203383,0.999967247478055,0.999817528289014,0.999999170778282,3) Uncertain significance,3) Uncertain significance,ALL+WHO,3) Uncertain significance,1.0,1.0,1.0,0.0,1.0,0.0,11501.0,23707.0,8.69414014953921e-05,2.20116328638192e-06,0.000484310228674856,1.0,0.999844409142079,1.0,1.0,0.025,1.0,1.0,0.025,1.0,1.0,0.025,1.0,inf,0.0528490600080728,inf,0.32667783805277,340.5,3890.0,0.0,0.0,0.0,0.0,0.0,0.0,0.0,0.0,0.0,inf,0.0528490600080728,inf,8.69414014953921e-05,2.20116328638192e-06,0.000484310228674856,1.0,0.999844409142079,1.0,2.0,,RRDR,,,,RRDR,2) Assoc w R - Interim,,No change,,,yes,RRDR,,1
Rifampicin,rpoB,p.Thr427Ala,rpoB_p.Thr427Ala,1,missense_variant,"(see ""Genomic_coordinates"" sheet)",1.0,2.0,1.0,1.0,4.0,1.0,16806.0,30531.0,0.000237953599048185,6.48380309854233e-05,0.0006091426203383,0.999967247478055,0.999817528289014,0.999999170778282,0.8,0.28358206388191,0.994949236620532,0.5,0.012579117093425,0.987420882906574,0.5,0.012579117093425,0.987420882906574,1.81667261692252,0.023141771135672298,142.451120075049,1.0,1627.5,4649.0,0.0,0.0,7.26669046769011,0.71899465830523,357.208630433948,5.94990182661986e-05,1.50638358512048e-06,0.000331462229036007,0.999967247478055,0.999817528289014,0.999999170778282,3) Uncertain significance,3) Uncertain significance,ALL+WHO,3) Uncertain significance,1.0,1.0,1.0,0.0,4.0,0.0,11498.0,23707.0,0.000347765605981568,9.47622920753642e-05,0.000890176504133628,1.0,0.999844409142079,1.0,1.0,0.397635364383525,1.0,1.0,0.025,1.0,1.0,0.025,1.0,inf,0.0528628480096367,inf,0.326620462421178,313.5,3890.0,0.0,0.0,0.0,0.0,0.0,0.0,0.0,0.0,0.0,inf,1.3608069907404,inf,8.69640838333768e-05,2.20173755219544e-06,0.00048443655634461,1.0,0.999844409142079,1.0,1.0,,RRDR,Assoc w RI,,,RRDR,2) Assoc w R - Interim,,No change,,,yes,RRDR,,1
Rifampicin,rpoB,p.Thr427Asn,rpoB_p.Thr427Asn,1,missense_variant,"(see ""Genomic_coordinates"" sheet)",1.0,2.0,0.0,2.0,0.0,2.0,16810.0,30530.0,0.0,0.0,0.000219421459229958,0.999934494956111,0.999763393503742,0.99999206693684,0.0,0.0,0.841886116991581,0.0,0.0,0.841886116991581,0.0,0.0,0.841886116991581,0.0,0.0,9.6705982991217,0.541996355050968,598.5,4649.0,0.0,0.0,0.0,0.0,9.6705982991217,0.0,0.0,0.000219421459229958,0.999934494956111,0.999763393503742,0.99999206693684,3) Uncertain significance,3) Uncertain significance,ALL+WHO,3) Uncertain significance,1.0,1.0,0.0,1.0,0.0,1.0,11502.0,23706.0,0.0,0.0,0.000320664925697395,0.999957818365883,0.999765001636458,0.999998932054057,0.0,0.0,0.975,0.0,0.0,0.975,0.0,0.0,0.975,0.0,0.0,80.2840904370714,1.0,1214.5,3890.0,0.0,0.0,0.0,0.0,0.0,0.0,0.0,0.0,0.0,0.0,0.0,80.2840904370714,0.0,0.0,0.000320664925697395,0.999957818365883,0.999765001636458,0.999998932054057,,,RRDR,Assoc w RI,,,RRDR,2) Assoc w R - Interim,,No change,,,yes,RRDR,,1
Rifampicin,rpoB,p.Thr427Gly,rpoB_p.Thr427Gly,1,missense_variant,"(see ""Genomic_coordinates"" sheet)",1.0,1.0,0.0,1.0,0.0,1.0,16810.0,30531.0,0.0,0.0,0.000219421459229958,0.999967247478055,0.999817528289014,0.999999170778282,0.0,0.0,0.975,0.0,0.0,0.975,0.0,0.0,0.975,0.0,0.0,70.7584826074924,1.0,1627.5,4649.0,0.0,0.0,0.0,0.0,70.7584826074924,0.0,0.0,0.000219421459229958,0.999967247478055,0.999817528289014,0.999999170778282,3) Uncertain significance,3) Uncertain significance,ALL+WHO,3) Uncertain significance,,,,,,,,,,,,,,,,,,,,,,,,,,,,,,,,0.0,0.0,0.0,0.0,0.0,0.0,0.0,,,,,,,,,,,,RRDR,Assoc w RI,,,RRDR,2) Assoc w R - Interim,,No change,,,yes,RRDR,,1
Rifampicin,rpoB,p.Thr427Ile,rpoB_p.Thr427Ile,1,missense_variant,"(see ""Genomic_coordinates"" sheet)",0.0,0.0,0.0,0.0,5.0,0.0,16805.0,30532.0,0.000297441998810232,9.65854351254059e-05,0.000693992735539817,1.0,0.999879187193184,1.0,1.0,0.478176249895018,1.0,,,,,,,,,,,2738.0,4649.0,0.0,0.0,inf,1.66460481015123,inf,0.0,0.0,0.000219486736640675,1.0,0.999879187193184,1.0,3) Uncertain significance,3) Uncertain significance,ALL+WHO,3) Uncertain significance,0.0,0.0,0.0,0.0,4.0,0.0,11498.0,23707.0,0.000347765605981568,9.47622920753642e-05,0.000890176504133628,1.0,0.999844409142079,1.0,1.0,0.397635364383525,1.0,,,,,,,,,,,2284.0,3890.0,0.0,0.0,0.0,0.0,0.0,0.0,0.0,0.0,0.0,inf,1.3608069907404,inf,0.0,0.0,0.000320776462830572,1.0,0.999844409142079,1.0,,,RRDR,Assoc w RI,,,RRDR,2) Assoc w R - Interim,,No change,,,yes,RRDR,,1
Rifampicin,rpoB,p.Thr427Pro,rpoB_p.Thr427Pro,1,missense_variant,"(see ""Genomic_coordinates"" sheet)",0.0,0.0,0.0,0.0,1.0,0.0,16809.0,30532.0,5.94883997620464e-05,1.50611474827621e-06,0.000331403082606904,1.0,0.999879187193184,1.0,1.0,0.025,1.0,,,,,,,,,,,2572.0,4649.0,0.0,0.0,inf,0.0465715996825058,inf,0.0,0.0,0.000219434511605659,1.0,0.999879187193184,1.0,3) Uncertain significance,3) Uncertain significance,ALL+WHO,3) Uncertain significance,,,,,,,,,,,,,,,,,,,,,,,,,,,,,,,,0.0,0.0,0.0,0.0,0.0,0.0,0.0,,,,,,,,,,1.0,,RRDR,,,,RRDR,2) Assoc w R - Interim,,No change,,,yes,RRDR,,1
Rifampicin,rpoB,p.Thr427Ser,rpoB_p.Thr427Ser,1,missense_variant,"(see ""Genomic_coordinates"" sheet)",0.0,0.0,0.0,0.0,3.0,0.0,16807.0,30532.0,0.000178465199286139,3.68053268162106e-05,0.00052146158350611,1.0,0.999879187193184,1.0,1.0,0.292401773821286,1.0,,,,,,,,,,,2739.0,4649.0,0.0,0.0,inf,0.750576632084797,inf,0.0,0.0,0.000219460621016169,1.0,0.999879187193184,1.0,3) Uncertain significance,3) Uncertain significance,ALL+WHO,3) Uncertain significance,0.0,0.0,0.0,0.0,3.0,0.0,11499.0,23707.0,0.000260824204486176,5.37914516051481e-05,0.000762047929932555,1.0,0.999844409142079,1.0,1.0,0.292401773821286,1.0,,,,,,,,,,,2285.0,3890.0,0.0,0.0,0.0,0.0,0.0,0.0,0.0,0.0,0.0,inf,0.851788978516443,inf,0.0,0.0,0.000320748571273651,1.0,0.999844409142079,1.0,1.0,,RRDR,Assoc w RI,,,RRDR,2) Assoc w R - Interim,,No change,,,yes,RRDR,,1
Rifampicin,rpoB,p.Thr444dup,rpoB_p.Thr444dup,1,inframe_insertion,"(see ""Genomic_coordinates"" sheet)",1.0,10.0,10.0,0.0,10.0,0.0,16800.0,30532.0,0.000594883997620464,0.000285305684944214,0.00109373983334496,1.0,0.999879187193184,1.0,1.0,0.691502892181239,1.0,1.0,0.691502892181239,1.0,1.0,0.691502892181239,1.0,inf,4.07313735951873,inf,3.18024915033292e-05,42.0,4649.0,1.0,0.0,inf,4.07313735951873,inf,0.000594883997620464,0.000285305684944214,0.00109373983334496,1.0,0.999879187193184,1.0,1) Assoc w R,1) Assoc w R,ALL+WHO,1) Assoc w R,1.0,10.0,10.0,0.0,10.0,0.0,11492.0,23707.0,0.000869414014953921,0.000416994043678715,0.001598300185227,1.0,0.999844409142079,1.0,1.0,0.691502892181239,1.0,1.0,0.691502892181239,1.0,1.0,0.691502892181239,1.0,inf,4.62268854495848,inf,1.3805503680722e-05,31.0,3890.0,1.0,0.0,0.0,0.0,0.0,0.0,0.0,0.0,0.0,inf,4.62268854495848,inf,0.000869414014953921,0.000416994043678715,0.001598300185227,1.0,0.999844409142079,1.0,,,RRDR,,,,,1) Assoc w R,,UP from AwRI to AwR,,,yes,,,4
Rifampicin,rpoB,p.Thr444Ile,rpoB_p.Thr444Ile,1,missense_variant,"(see ""Genomic_coordinates"" sheet)",0.0,0.0,0.0,0.0,3.0,0.0,16807.0,30532.0,0.000178465199286139,3.68053268162106e-05,0.00052146158350611,1.0,0.999879187193184,1.0,1.0,0.292401773821286,1.0,,,,,,,,,,,2650.0,4649.0,0.0,0.0,inf,0.750576632084797,inf,0.0,0.0,0.000219460621016169,1.0,0.999879187193184,1.0,3) Uncertain significance,3) Uncertain significance,ALL+WHO,3) Uncertain significance,0.0,0.0,0.0,0.0,2.0,0.0,11500.0,23707.0,0.000173882802990784,2.10587078620303e-05,0.000627981827233676,1.0,0.999844409142079,1.0,1.0,0.158113883008419,1.0,,,,,,,,,,,2206.0,3890.0,0.0,0.0,0.0,0.0,0.0,0.0,0.0,0.0,0.0,inf,0.387090251295738,inf,0.0,0.0,0.000320720684566658,1.0,0.999844409142079,1.0,,,RRDR,Assoc w RI,,,RRDR,2) Assoc w R - Interim,,No change,,,yes,RRDR,,1
Rifampicin,rpoB,p.Thr444Pro,rpoB_p.Thr444Pro,1,missense_variant,"(see ""Genomic_coordinates"" sheet)",0.0,0.0,0.0,0.0,1.0,0.0,16809.0,30532.0,5.94883997620464e-05,1.50611474827621e-06,0.000331403082606904,1.0,0.999879187193184,1.0,1.0,0.025,1.0,,,,,,,,,,,2688.0,4649.0,0.0,0.0,inf,0.0465715996825058,inf,0.0,0.0,0.000219434511605659,1.0,0.999879187193184,1.0,3) Uncertain significance,3) Uncertain significance,ALL+WHO,3) Uncertain significance,0.0,0.0,0.0,0.0,1.0,0.0,11501.0,23707.0,8.69414014953921e-05,2.20116328638192e-06,0.000484310228674856,1.0,0.999844409142079,1.0,1.0,0.025,1.0,,,,,,,,,,,2237.0,3890.0,0.0,0.0,0.0,0.0,0.0,0.0,0.0,0.0,0.0,inf,0.0528490600080728,inf,0.0,0.0,0.000320692802708327,1.0,0.999844409142079,1.0,1.0,,RRDR,,,,RRDR,2) Assoc w R - Interim,,No change,,,yes,RRDR,,1
Rifampicin,rpoB,p.Thr444Ser,rpoB_p.Thr444Ser,1,missense_variant,"(see ""Genomic_coordinates"" sheet)",0.0,0.0,0.0,0.0,1.0,0.0,16809.0,30532.0,5.94883997620464e-05,1.50611474827621e-06,0.000331403082606904,1.0,0.999879187193184,1.0,1.0,0.025,1.0,,,,,,,,,,,2783.0,4649.0,0.0,0.0,inf,0.0465715996825058,inf,0.0,0.0,0.000219434511605659,1.0,0.999879187193184,1.0,3) Uncertain significance,3) Uncertain significance,ALL+WHO,3) Uncertain significance,0.0,0.0,0.0,0.0,1.0,0.0,11501.0,23707.0,8.69414014953921e-05,2.20116328638192e-06,0.000484310228674856,1.0,0.999844409142079,1.0,1.0,0.025,1.0,,,,,,,,,,,2323.0,3890.0,0.0,0.0,0.0,0.0,0.0,0.0,0.0,0.0,0.0,inf,0.0528490600080728,inf,0.0,0.0,0.000320692802708327,1.0,0.999844409142079,1.0,,,RRDR,Assoc w RI,,,RRDR,2) Assoc w R - Interim,,No change,,,yes,RRDR,,1
Rifampicin,rpoB,p.Val170Phe,rpoB_p.Val170Phe,1,missense_variant,"(see ""Genomic_coordinates"" sheet)",1.0,41.0,40.0,1.0,89.0,2.0,16721.0,30530.0,0.00529446757882213,0.00425398574542891,0.00651131741998265,0.999934494956111,0.999763393503742,0.99999206693684,0.978021978021978,0.922854607245398,0.997327188573375,0.975609756097561,0.871445979615853,0.999382683106713,0.952380952380952,0.838358040308346,0.99418017516449,73.0339094551761,12.3722374455563,2910.64688678758,2.49055302607988e-17,15.0,4649.0,1.0,0.0,81.2502242688834,21.8372285231465,682.451660123542,0.00238649245271761,0.00170547577511411,0.00324832234199439,0.999934494956111,0.999763393503742,0.99999206693684,1) Assoc w R,1) Assoc w R,ALL+WHO,1) Assoc w R,1.0,29.0,28.0,1.0,62.0,1.0,11440.0,23706.0,0.00539036689271431,0.00413518674449234,0.00690495171947036,0.999957818365883,0.999765001636458,0.999998932054057,0.984126984126984,0.914704290700737,0.999598210770915,0.96551724137931,0.822355704511277,0.99912735311642,0.96551724137931,0.822355704511277,0.99912735311642,58.0216783216783,9.58664074719395,2344.15044643773,4.57083547502873e-13,15.0,3890.0,1.0,0.0,0.0,0.0,0.0,0.0,0.0,0.0,0.0,128.476573426573,22.2147081980674,5002.79840890137,0.00244157656086501,0.00162300419170339,0.00352683931636791,0.999957818365883,0.999765001636458,0.999998932054057,18.0,,Assoc w R,Assoc w R,,,,1) Assoc w R,,No change,,,yes,,,1
